fabric_code,prod_plant_code
FAB-W001,6100
FAB-W002,6100
FAB-W003,7200
FAB-W004,7200
FAB-W005,9200
FAB-W006,9100
FAB-W0007,6200
FAB-W0008,7100
FAB-W0009,9200
FAB-W0010,6100
FAB-W0011,7200
FAB-W0012,9100
FAB-W0013,6200
FAB-W0014,7100
FAB-W0015,9200
FAB-W0016,6100
FAB-W0017,7200
FAB-W0018,9100
FAB-W0019,6200
FAB-W0020,7100
FAB-W0021,9200
FAB-W0022,6100
FAB-W0023,7200
FAB-W0024,9100
FAB-W0025,6200
FAB-W0026,7100
FAB-W0027,9200
FAB-W0028,6100
FAB-W0029,7200
FAB-W0030,9100
FAB-W0031,6200
FAB-W0032,7100
FAB-W0033,9200
FAB-W0034,6100
FAB-W0035,7200
FAB-W0036,9100
FAB-W0037,6200
FAB-W0038,7100
FAB-W0039,9200
FAB-W0040,6100
FAB-W0041,7200
FAB-W0042,9100
FAB-W0043,6200
FAB-W0044,7100
FAB-W0045,9200
FAB-W0046,6100
FAB-W0047,7200
FAB-W0048,9100
FAB-W0049,6200
FAB-W0050,7100
FAB-W0051,9200
FAB-W0052,6100
FAB-W0053,7200
FAB-W0054,9100
FAB-W0055,6200
FAB-W0056,7100
FAB-W0057,9200
FAB-W0058,6100
FAB-W0059,7200
FAB-W0060,9100
FAB-W0061,6200
FAB-W0062,7100
FAB-W0063,9200
FAB-W0064,6100
FAB-W0065,7200
FAB-W0066,9100
FAB-W0067,6200
FAB-W0068,7100
FAB-W0069,9200
FAB-W0070,6100
FAB-W0071,7200
FAB-W0072,9100
FAB-W0073,6200
FAB-W0074,7100
FAB-W0075,9200
FAB-W0076,6100
FAB-W0077,7200
FAB-W0078,9100
FAB-W0079,6200
FAB-W0080,7100
FAB-W0081,9200
FAB-W0082,6100
FAB-W0083,7200
FAB-W0084,9100
FAB-W0085,6200
FAB-W0086,7100
FAB-W0087,9200
FAB-W0088,6100
FAB-W0089,7200
FAB-W0090,9100
FAB-W0091,6200
FAB-W0092,7100
FAB-W0093,9200
FAB-W0094,6100
FAB-W0095,7200
FAB-W0096,9100
FAB-W0097,6200
FAB-W0098,7100
FAB-W0099,9200
FAB-W0100,6100
FAB-W0101,7200
FAB-W0102,9100
FAB-W0103,6200
FAB-W0104,7100
FAB-W0105,9200
FAB-W0106,6100
FAB-W0107,7200
FAB-W0108,9100
FAB-W0109,6200
FAB-W0110,7100
FAB-W0111,9200
FAB-W0112,6100
FAB-W0113,7200
FAB-W0114,9100
FAB-W0115,6200
FAB-W0116,7100
FAB-W0117,9200
FAB-W0118,6100
FAB-W0119,7200
FAB-W0120,9100
FAB-W0121,6200
FAB-W0122,7100
FAB-W0123,9200
FAB-W0124,6100
FAB-W0125,7200
FAB-W0126,9100
FAB-W0127,6200
FAB-W0128,7100
FAB-W0129,9200
FAB-W0130,6100
FAB-W0131,7200
FAB-W0132,9100
FAB-W0133,6200
FAB-W0134,7100
FAB-W0135,9200
FAB-W0136,6100
FAB-W0137,7200
FAB-W0138,9100
FAB-W0139,6200
FAB-W0140,7100
FAB-W0141,9200
FAB-W0142,6100
FAB-W0143,7200
FAB-W0144,9100
FAB-W0145,6200
FAB-W0146,7100
FAB-W0147,9200
FAB-W0148,6100
FAB-W0149,7200
FAB-W0150,9100
FAB-W0151,6200
FAB-W0152,7100
FAB-W0153,9200
FAB-W0154,6100
FAB-W0155,7200
FAB-W0156,9100
FAB-W0157,6200
FAB-W0158,7100
FAB-W0159,9200
FAB-W0160,6100
FAB-W0161,7200
FAB-W0162,9100
FAB-W0163,6200
FAB-W0164,7100
FAB-W0165,9200
FAB-W0166,6100
FAB-W0167,7200
FAB-W0168,9100
FAB-W0169,6200
FAB-W0170,7100
FAB-W0171,9200
FAB-W0172,6100
FAB-W0173,7200
FAB-W0174,9100
FAB-W0175,6200
FAB-W0176,7100
FAB-W0177,9200
FAB-W0178,6100
FAB-W0179,7200
FAB-W0180,9100
FAB-W0181,6200
FAB-W0182,7100
FAB-W0183,9200
FAB-W0184,6100
FAB-W0185,7200
FAB-W0186,9100
FAB-W0187,6200
FAB-W0188,7100
FAB-W0189,9200
FAB-W0190,6100
FAB-W0191,7200
FAB-W0192,9100
FAB-W0193,6200
FAB-W0194,7100
FAB-W0195,9200
FAB-W0196,6100
FAB-W0197,7200
FAB-W0198,9100
FAB-W0199,6200
FAB-W0200,7100
FAB-W0201,9200
FAB-W0202,6100
FAB-W0203,7200
FAB-W0204,9100
FAB-W0205,6200
FAB-W0206,7100
FAB-W0207,9200
FAB-W0208,6100
FAB-W0209,7200
FAB-W0210,9100
FAB-W0211,6200
FAB-W0212,7100
FAB-W0213,9200
FAB-W0214,6100
FAB-W0215,7200
FAB-W0216,9100
FAB-W0217,6200
FAB-W0218,7100
FAB-W0219,9200
FAB-W0220,6100
FAB-W0221,7200
FAB-W0222,9100
FAB-W0223,6200
FAB-W0224,7100
FAB-W0225,9200
FAB-W0226,6100
FAB-W0227,7200
FAB-W0228,9100
FAB-W0229,6200
FAB-W0230,7100
FAB-W0231,9200
FAB-W0232,6100
FAB-W0233,7200
FAB-W0234,9100
FAB-W0235,6200
FAB-W0236,7100
FAB-W0237,9200
FAB-W0238,6100
FAB-W0239,7200
FAB-W0240,9100
FAB-W0241,6200
FAB-W0242,7100
FAB-W0243,9200
FAB-W0244,6100
FAB-W0245,7200
FAB-W0246,9100
FAB-W0247,6200
FAB-W0248,7100
FAB-W0249,9200
FAB-W0250,6100
FAB-W0251,7200
FAB-W0252,9100
FAB-W0253,6200
FAB-W0254,7100
FAB-W0255,9200
FAB-W0256,6100
FAB-W0257,7200
FAB-W0258,9100
FAB-W0259,6200
FAB-W0260,7100
FAB-W0261,9200
FAB-W0262,6100
FAB-W0263,7200
FAB-W0264,9100
FAB-W0265,6200
FAB-W0266,7100
FAB-W0267,9200
FAB-W0268,6100
FAB-W0269,7200
FAB-W0270,9100
FAB-W0271,6200
FAB-W0272,7100
FAB-W0273,9200
FAB-W0274,6100
FAB-W0275,7200
FAB-W0276,9100
FAB-W0277,6200
FAB-W0278,7100
FAB-W0279,9200
FAB-W0280,6100
FAB-W0281,7200
FAB-W0282,9100
FAB-W0283,6200
FAB-W0284,7100
FAB-W0285,9200
FAB-W0286,6100
FAB-W0287,7200
FAB-W0288,9100
FAB-W0289,6200
FAB-W0290,7100
FAB-W0291,9200
FAB-W0292,6100
FAB-W0293,7200
FAB-W0294,9100
FAB-W0295,6200
FAB-W0296,7100
FAB-W0297,9200
FAB-W0298,6100
FAB-W0299,7200
FAB-W0300,9100
FAB-W0301,6200
FAB-W0302,7100
FAB-W0303,9200
FAB-W0304,6100
FAB-W0305,7200
FAB-W0306,9100
FAB-W0307,6200
FAB-W0308,7100
FAB-W0309,9200
FAB-W0310,6100
FAB-W0311,7200
FAB-W0312,9100
FAB-W0313,6200
FAB-W0314,7100
FAB-W0315,9200
FAB-W0316,6100
FAB-W0317,7200
FAB-W0318,9100
FAB-W0319,6200
FAB-W0320,7100
FAB-W0321,9200
FAB-W0322,6100
FAB-W0323,7200
FAB-W0324,9100
FAB-W0325,6200
FAB-W0326,7100
FAB-W0327,9200
FAB-W0328,6100
FAB-W0329,7200
FAB-W0330,9100
FAB-W0331,6200
FAB-W0332,7100
FAB-W0333,9200
FAB-W0334,6100
FAB-W0335,7200
FAB-W0336,9100
FAB-W0337,6200
FAB-W0338,7100
FAB-W0339,9200
FAB-W0340,6100
FAB-W0341,7200
FAB-W0342,9100
FAB-W0343,6200
FAB-W0344,7100
FAB-W0345,9200
FAB-W0346,6100
FAB-W0347,7200
FAB-W0348,9100
FAB-W0349,6200
FAB-W0350,7100
FAB-W0351,9200
FAB-W0352,6100
FAB-W0353,7200
FAB-W0354,9100
FAB-W0355,6200
FAB-W0356,7100
FAB-W0357,9200
FAB-W0358,6100
FAB-W0359,7200
FAB-W0360,9100
FAB-W0361,6200
FAB-W0362,7100
FAB-W0363,9200
FAB-W0364,6100
FAB-W0365,7200
FAB-W0366,9100
FAB-W0367,6200
FAB-W0368,7100
FAB-W0369,9200
FAB-W0370,6100
FAB-W0371,7200
FAB-W0372,9100
FAB-W0373,6200
FAB-W0374,7100
FAB-W0375,9200
FAB-W0376,6100
FAB-W0377,7200
FAB-W0378,9100
FAB-W0379,6200
FAB-W0380,7100
FAB-W0381,9200
FAB-W0382,6100
FAB-W0383,7200
FAB-W0384,9100
FAB-W0385,6200
FAB-W0386,7100
FAB-W0387,9200
FAB-W0388,6100
FAB-W0389,7200
FAB-W0390,9100
FAB-W0391,6200
FAB-W0392,7100
FAB-W0393,9200
FAB-W0394,6100
FAB-W0395,7200
FAB-W0396,9100
FAB-W0397,6200
FAB-W0398,7100
FAB-W0399,9200
FAB-W0400,6100
FAB-W0401,7200
FAB-W0402,9100
FAB-W0403,6200
FAB-W0404,7100
FAB-W0405,9200
FAB-W0406,6100
FAB-W0407,7200
FAB-W0408,9100
FAB-W0409,6200
FAB-W0410,7100
FAB-W0411,9200
FAB-W0412,6100
FAB-W0413,7200
FAB-W0414,9100
FAB-W0415,6200
FAB-W0416,7100
FAB-W0417,9200
FAB-W0418,6100
FAB-W0419,7200
FAB-W0420,9100
FAB-W0421,6200
FAB-W0422,7100
FAB-W0423,9200
FAB-W0424,6100
FAB-W0425,7200
FAB-W0426,9100
FAB-W0427,6200
FAB-W0428,7100
FAB-W0429,9200
FAB-W0430,6100
FAB-W0431,7200
FAB-W0432,9100
FAB-W0433,6200
FAB-W0434,7100
FAB-W0435,9200
FAB-W0436,6100
FAB-W0437,7200
FAB-W0438,9100
FAB-W0439,6200
FAB-W0440,7100
FAB-W0441,9200
FAB-W0442,6100
FAB-W0443,7200
FAB-W0444,9100
FAB-W0445,6200
FAB-W0446,7100
FAB-W0447,9200
FAB-W0448,6100
FAB-W0449,7200
FAB-W0450,9100
FAB-W0451,6200
FAB-W0452,7100
FAB-W0453,9200
FAB-W0454,6100
FAB-W0455,7200
FAB-W0456,9100
FAB-W0457,6200
FAB-W0458,7100
FAB-W0459,9200
FAB-W0460,6100
FAB-W0461,7200
FAB-W0462,9100
FAB-W0463,6200
FAB-W0464,7100
FAB-W0465,9200
FAB-W0466,6100
FAB-W0467,7200
FAB-W0468,9100
FAB-W0469,6200
FAB-W0470,7100
FAB-W0471,9200
FAB-W0472,6100
FAB-W0473,7200
FAB-W0474,9100
FAB-W0475,6200
FAB-W0476,7100
FAB-W0477,9200
FAB-W0478,6100
FAB-W0479,7200
FAB-W0480,9100
FAB-W0481,6200
FAB-W0482,7100
FAB-W0483,9200
FAB-W0484,6100
FAB-W0485,7200
FAB-W0486,9100
FAB-W0487,6200
FAB-W0488,7100
FAB-W0489,9200
FAB-W0490,6100
FAB-W0491,7200
FAB-W0492,9100
FAB-W0493,6200
FAB-W0494,7100
FAB-W0495,9200
FAB-W0496,6100
FAB-W0497,7200
FAB-W0498,9100
FAB-W0499,6200
FAB-W0500,7100
FAB-W0501,9200
FAB-W0502,6100
FAB-W0503,7200
FAB-W0504,9100
FAB-W0505,6200
FAB-W0506,7100
FAB-W0507,9200
FAB-W0508,6100
FAB-W0509,7200
FAB-W0510,9100
FAB-W0511,6200
FAB-W0512,7100
FAB-W0513,9200
FAB-W0514,6100
FAB-W0515,7200
FAB-W0516,9100
FAB-W0517,6200
FAB-W0518,7100
FAB-W0519,9200
FAB-W0520,6100
FAB-W0521,7200
FAB-W0522,9100
FAB-W0523,6200
FAB-W0524,7100
FAB-W0525,9200
FAB-W0526,6100
FAB-W0527,7200
FAB-W0528,9100
FAB-W0529,6200
FAB-W0530,7100
FAB-W0531,9200
FAB-W0532,6100
FAB-W0533,7200
FAB-W0534,9100
FAB-W0535,6200
FAB-W0536,7100
FAB-W0537,9200
FAB-W0538,6100
FAB-W0539,7200
FAB-W0540,9100
FAB-W0541,6200
FAB-W0542,7100
FAB-W0543,9200
FAB-W0544,6100
FAB-W0545,7200
FAB-W0546,9100
FAB-W0547,6200
FAB-W0548,7100
FAB-W0549,9200
FAB-W0550,6100
FAB-W0551,7200
FAB-W0552,9100
FAB-W0553,6200
FAB-W0554,7100
FAB-W0555,9200
FAB-W0556,6100
FAB-W0557,7200
FAB-W0558,9100
FAB-W0559,6200
FAB-W0560,7100
FAB-W0561,9200
FAB-W0562,6100
FAB-W0563,7200
FAB-W0564,9100
FAB-W0565,6200
FAB-W0566,7100
FAB-W0567,9200
FAB-W0568,6100
FAB-W0569,7200
FAB-W0570,9100
FAB-W0571,6200
FAB-W0572,7100
FAB-W0573,9200
FAB-W0574,6100
FAB-W0575,7200
FAB-W0576,9100
FAB-W0577,6200
FAB-W0578,7100
FAB-W0579,9200
FAB-W0580,6100
FAB-W0581,7200
FAB-W0582,9100
FAB-W0583,6200
FAB-W0584,7100
FAB-W0585,9200
FAB-W0586,6100
FAB-W0587,7200
FAB-W0588,9100
FAB-W0589,6200
FAB-W0590,7100
FAB-W0591,9200
FAB-W0592,6100
FAB-W0593,7200
FAB-W0594,9100
FAB-W0595,6200
FAB-W0596,7100
FAB-W0597,9200
FAB-W0598,6100
FAB-W0599,7200
FAB-W0600,9100
FAB-W0601,6200
FAB-W0602,7100
FAB-W0603,9200
FAB-W0604,6100
FAB-W0605,7200
FAB-W0606,9100
FAB-W0607,6200
FAB-W0608,7100
FAB-W0609,9200
FAB-W0610,6100
FAB-W0611,7200
FAB-W0612,9100
FAB-W0613,6200
FAB-W0614,7100
FAB-W0615,9200
FAB-W0616,6100
FAB-W0617,7200
FAB-W0618,9100
FAB-W0619,6200
FAB-W0620,7100
FAB-W0621,9200
FAB-W0622,6100
FAB-W0623,7200
FAB-W0624,9100
FAB-W0625,6200
FAB-W0626,7100
FAB-W0627,9200
FAB-W0628,6100
FAB-W0629,7200
FAB-W0630,9100
FAB-W0631,6200
FAB-W0632,7100
FAB-W0633,9200
FAB-W0634,6100
FAB-W0635,7200
FAB-W0636,9100
FAB-W0637,6200
FAB-W0638,7100
FAB-W0639,9200
FAB-W0640,6100
FAB-W0641,7200
FAB-W0642,9100
FAB-W0643,6200
FAB-W0644,7100
FAB-W0645,9200
FAB-W0646,6100
FAB-W0647,7200
FAB-W0648,9100
FAB-W0649,6200
FAB-W0650,7100
FAB-W0651,9200
FAB-W0652,6100
FAB-W0653,7200
FAB-W0654,9100
FAB-W0655,6200
FAB-W0656,7100
FAB-W0657,9200
FAB-W0658,6100
FAB-W0659,7200
FAB-W0660,9100
FAB-W0661,6200
FAB-W0662,7100
FAB-W0663,9200
FAB-W0664,6100
FAB-W0665,7200
FAB-W0666,9100
FAB-W0667,6200
FAB-W0668,7100
FAB-W0669,9200
FAB-W0670,6100
FAB-W0671,7200
FAB-W0672,9100
FAB-W0673,6200
FAB-W0674,7100
FAB-W0675,9200
FAB-W0676,6100
FAB-W0677,7200
FAB-W0678,9100
FAB-W0679,6200
FAB-W0680,7100
FAB-W0681,9200
FAB-W0682,6100
FAB-W0683,7200
FAB-W0684,9100
FAB-W0685,6200
FAB-W0686,7100
FAB-W0687,9200
FAB-W0688,6100
FAB-W0689,7200
FAB-W0690,9100
FAB-W0691,6200
FAB-W0692,7100
FAB-W0693,9200
FAB-W0694,6100
FAB-W0695,7200
FAB-W0696,9100
FAB-W0697,6200
FAB-W0698,7100
FAB-W0699,9200
FAB-W0700,6100
FAB-W0701,7200
FAB-W0702,9100
FAB-W0703,6200
FAB-W0704,7100
FAB-W0705,9200
FAB-W0706,6100
FAB-W0707,7200
FAB-W0708,9100
FAB-W0709,6200
FAB-W0710,7100
FAB-W0711,9200
FAB-W0712,6100
FAB-W0713,7200
FAB-W0714,9100
FAB-W0715,6200
FAB-W0716,7100
FAB-W0717,9200
FAB-W0718,6100
FAB-W0719,7200
FAB-W0720,9100
FAB-W0721,6200
FAB-W0722,7100
FAB-W0723,9200
FAB-W0724,6100
FAB-W0725,7200
FAB-W0726,9100
FAB-W0727,6200
FAB-W0728,7100
FAB-W0729,9200
FAB-W0730,6100
FAB-W0731,7200
FAB-W0732,9100
FAB-W0733,6200
FAB-W0734,7100
FAB-W0735,9200
FAB-W0736,6100
FAB-W0737,7200
FAB-W0738,9100
FAB-W0739,6200
FAB-W0740,7100
FAB-W0741,9200
FAB-W0742,6100
FAB-W0743,7200
FAB-W0744,9100
FAB-W0745,6200
FAB-W0746,7100
FAB-W0747,9200
FAB-W0748,6100
FAB-W0749,7200
FAB-W0750,9100
FAB-W0751,6200
FAB-W0752,7100
FAB-W0753,9200
FAB-W0754,6100
FAB-W0755,7200
FAB-W0756,9100
FAB-W0757,6200
FAB-W0758,7100
FAB-W0759,9200
FAB-W0760,6100
FAB-W0761,7200
FAB-W0762,9100
FAB-W0763,6200
FAB-W0764,7100
FAB-W0765,9200
FAB-W0766,6100
FAB-W0767,7200
FAB-W0768,9100
FAB-W0769,6200
FAB-W0770,7100
FAB-W0771,9200
FAB-W0772,6100
FAB-W0773,7200
FAB-W0774,9100
FAB-W0775,6200
FAB-W0776,7100
FAB-W0777,9200
FAB-W0778,6100
FAB-W0779,7200
FAB-W0780,9100
FAB-W0781,6200
FAB-W0782,7100
FAB-W0783,9200
FAB-W0784,6100
FAB-W0785,7200
FAB-W0786,9100
FAB-W0787,6200
FAB-W0788,7100
FAB-W0789,9200
FAB-W0790,6100
FAB-W0791,7200
FAB-W0792,9100
FAB-W0793,6200
FAB-W0794,7100
FAB-W0795,9200
FAB-W0796,6100
FAB-W0797,7200
FAB-W0798,9100
FAB-W0799,6200
FAB-W0800,7100
FAB-W0801,9200
FAB-W0802,6100
FAB-W0803,7200
FAB-W0804,9100
FAB-W0805,6200
FAB-W0806,7100
FAB-W0807,9200
FAB-W0808,6100
FAB-W0809,7200
FAB-W0810,9100
FAB-W0811,6200
FAB-W0812,7100
FAB-W0813,9200
FAB-W0814,6100
FAB-W0815,7200
FAB-W0816,9100
FAB-W0817,6200
FAB-W0818,7100
FAB-W0819,9200
FAB-W0820,6100
FAB-W0821,7200
FAB-W0822,9100
FAB-W0823,6200
FAB-W0824,7100
FAB-W0825,9200
FAB-W0826,6100
FAB-W0827,7200
FAB-W0828,9100
FAB-W0829,6200
FAB-W0830,7100
FAB-W0831,9200
FAB-W0832,6100
FAB-W0833,7200
FAB-W0834,9100
FAB-W0835,6200
FAB-W0836,7100
FAB-W0837,9200
FAB-W0838,6100
FAB-W0839,7200
FAB-W0840,9100
FAB-W0841,6200
FAB-W0842,7100
FAB-W0843,9200
FAB-W0844,6100
FAB-W0845,7200
FAB-W0846,9100
FAB-W0847,6200
FAB-W0848,7100
FAB-W0849,9200
FAB-W0850,6100
FAB-W0851,7200
FAB-W0852,9100
FAB-W0853,6200
FAB-W0854,7100
FAB-W0855,9200
FAB-W0856,6100
FAB-W0857,7200
FAB-W0858,9100
FAB-W0859,6200
FAB-W0860,7100
FAB-W0861,9200
FAB-W0862,6100
FAB-W0863,7200
FAB-W0864,9100
FAB-W0865,6200
FAB-W0866,7100
FAB-W0867,9200
FAB-W0868,6100
FAB-W0869,7200
FAB-W0870,9100
FAB-W0871,6200
FAB-W0872,7100
FAB-W0873,9200
FAB-W0874,6100
FAB-W0875,7200
FAB-W0876,9100
FAB-W0877,6200
FAB-W0878,7100
FAB-W0879,9200
FAB-W0880,6100
FAB-W0881,7200
FAB-W0882,9100
FAB-W0883,6200
FAB-W0884,7100
FAB-W0885,9200
FAB-W0886,6100
FAB-W0887,7200
FAB-W0888,9100
FAB-W0889,6200
FAB-W0890,7100
FAB-W0891,9200
FAB-W0892,6100
FAB-W0893,7200
FAB-W0894,9100
FAB-W0895,6200
FAB-W0896,7100
FAB-W0897,9200
FAB-W0898,6100
FAB-W0899,7200
FAB-W0900,9100
FAB-W0901,6200
FAB-W0902,7100
FAB-W0903,9200
FAB-W0904,6100
FAB-W0905,7200
FAB-W0906,9100
FAB-W0907,6200
FAB-W0908,7100
FAB-W0909,9200
FAB-W0910,6100
FAB-W0911,7200
FAB-W0912,9100
FAB-W0913,6200
FAB-W0914,7100
FAB-W0915,9200
FAB-W0916,6100
FAB-W0917,7200
FAB-W0918,9100
FAB-W0919,6200
FAB-W0920,7100
FAB-W0921,9200
FAB-W0922,6100
FAB-W0923,7200
FAB-W0924,9100
FAB-W0925,6200
FAB-W0926,7100
FAB-W0927,9200
FAB-W0928,6100
FAB-W0929,7200
FAB-W0930,9100
FAB-W0931,6200
FAB-W0932,7100
FAB-W0933,9200
FAB-W0934,6100
FAB-W0935,7200
FAB-W0936,9100
FAB-W0937,6200
FAB-W0938,7100
FAB-W0939,9200
FAB-W0940,6100
FAB-W0941,7200
FAB-W0942,9100
FAB-W0943,6200
FAB-W0944,7100
FAB-W0945,9200
FAB-W0946,6100
FAB-W0947,7200
FAB-W0948,9100
FAB-W0949,6200
FAB-W0950,7100
FAB-W0951,9200
FAB-W0952,6100
FAB-W0953,7200
FAB-W0954,9100
FAB-W0955,6200
FAB-W0956,7100
FAB-W0957,9200
FAB-W0958,6100
FAB-W0959,7200
FAB-W0960,9100
FAB-W0961,6200
FAB-W0962,7100
FAB-W0963,9200
FAB-W0964,6100
FAB-W0965,7200
FAB-W0966,9100
FAB-W0967,6200
FAB-W0968,7100
FAB-W0969,9200
FAB-W0970,6100
FAB-W0971,7200
FAB-W0972,9100
FAB-W0973,6200
FAB-W0974,7100
FAB-W0975,9200
FAB-W0976,6100
FAB-W0977,7200
FAB-W0978,9100
FAB-W0979,6200
FAB-W0980,7100
FAB-W0981,9200
FAB-W0982,6100
FAB-W0983,7200
FAB-W0984,9100
FAB-W0985,6200
FAB-W0986,7100
FAB-W0987,9200
FAB-W0988,6100
FAB-W0989,7200
FAB-W0990,9100
FAB-W0991,6200
FAB-W0992,7100
FAB-W0993,9200
FAB-W0994,6100
FAB-W0995,7200
FAB-W0996,9100
FAB-W0997,6200
FAB-W0998,7100
FAB-W0999,9200
FAB-W1000,6100
FAB-W1001,7200
FAB-W1002,9100
FAB-W1003,6200
FAB-W1004,7100
FAB-W1005,9200
FAB-W1006,6100
FAB-W1007,7200
FAB-W1008,9100
FAB-W1009,6200
FAB-W1010,7100
FAB-W1011,9200
FAB-W1012,6100
FAB-W1013,7200
FAB-W1014,9100
FAB-W1015,6200
FAB-W1016,7100
FAB-W1017,9200
FAB-W1018,6100
FAB-W1019,7200
FAB-W1020,9100
FAB-W1021,6200
FAB-W1022,7100
FAB-W1023,9200
FAB-W1024,6100
FAB-W1025,7200
FAB-W1026,9100
FAB-W1027,6200
FAB-W1028,7100
FAB-W1029,9200
FAB-W1030,6100
FAB-W1031,7200
FAB-W1032,9100
FAB-W1033,6200
FAB-W1034,7100
FAB-W1035,9200
FAB-W1036,6100
FAB-W1037,7200
FAB-W1038,9100
FAB-W1039,6200
FAB-W1040,7100
FAB-W1041,9200
FAB-W1042,6100
FAB-W1043,7200
FAB-W1044,9100
FAB-W1045,6200
FAB-W1046,7100
FAB-W1047,9200
FAB-W1048,6100
FAB-W1049,7200
FAB-W1050,9100
FAB-W1051,6200
FAB-W1052,7100
FAB-W1053,9200
FAB-W1054,6100
FAB-W1055,7200
FAB-W1056,9100
FAB-W1057,6200
FAB-W1058,7100
FAB-W1059,9200
FAB-W1060,6100
FAB-W1061,7200
FAB-W1062,9100
FAB-W1063,6200
FAB-W1064,7100
FAB-W1065,9200
FAB-W1066,6100
FAB-W1067,7200
FAB-W1068,9100
FAB-W1069,6200
FAB-W1070,7100
FAB-W1071,9200
FAB-W1072,6100
FAB-W1073,7200
FAB-W1074,9100
FAB-W1075,6200
FAB-W1076,7100
FAB-W1077,9200
FAB-W1078,6100
FAB-W1079,7200
FAB-W1080,9100
FAB-W1081,6200
FAB-W1082,7100
FAB-W1083,9200
FAB-W1084,6100
FAB-W1085,7200
FAB-W1086,9100
FAB-W1087,6200
FAB-W1088,7100
FAB-W1089,9200
FAB-W1090,6100
FAB-W1091,7200
FAB-W1092,9100
FAB-W1093,6200
FAB-W1094,7100
FAB-W1095,9200
FAB-W1096,6100
FAB-W1097,7200
FAB-W1098,9100
FAB-W1099,6200
FAB-W1100,7100
FAB-W1101,9200
FAB-W1102,6100
FAB-W1103,7200
FAB-W1104,9100
FAB-W1105,6200
FAB-W1106,7100
FAB-W1107,9200
FAB-W1108,6100
FAB-W1109,7200
FAB-W1110,9100
FAB-W1111,6200
FAB-W1112,7100
FAB-W1113,9200
FAB-W1114,6100
FAB-W1115,7200
FAB-W1116,9100
FAB-W1117,6200
FAB-W1118,7100
FAB-W1119,9200
FAB-W1120,6100
FAB-W1121,7200
FAB-W1122,9100
FAB-W1123,6200
FAB-W1124,7100
FAB-W1125,9200
FAB-W1126,6100
FAB-W1127,7200
FAB-W1128,9100
FAB-W1129,6200
FAB-W1130,7100
FAB-W1131,9200
FAB-W1132,6100
FAB-W1133,7200
FAB-W1134,9100
FAB-W1135,6200
FAB-W1136,7100
FAB-W1137,9200
FAB-W1138,6100
FAB-W1139,7200
FAB-W1140,9100
FAB-W1141,6200
FAB-W1142,7100
FAB-W1143,9200
FAB-W1144,6100
FAB-W1145,7200
FAB-W1146,9100
FAB-W1147,6200
FAB-W1148,7100
FAB-W1149,9200
FAB-W1150,6100
FAB-W1151,7200
FAB-W1152,9100
FAB-W1153,6200
FAB-W1154,7100
FAB-W1155,9200
FAB-W1156,6100
FAB-W1157,7200
FAB-W1158,9100
FAB-W1159,6200
FAB-W1160,7100
FAB-W1161,9200
FAB-W1162,6100
FAB-W1163,7200
FAB-W1164,9100
FAB-W1165,6200
FAB-W1166,7100
FAB-W1167,9200
FAB-W1168,6100
FAB-W1169,7200
FAB-W1170,9100
FAB-W1171,6200
FAB-W1172,7100
FAB-W1173,9200
FAB-W1174,6100
FAB-W1175,7200
FAB-W1176,9100
FAB-W1177,6200
FAB-W1178,7100
FAB-W1179,9200
FAB-W1180,6100
FAB-W1181,7200
FAB-W1182,9100
FAB-W1183,6200
FAB-W1184,7100
FAB-W1185,9200
FAB-W1186,6100
FAB-W1187,7200
FAB-W1188,9100
FAB-W1189,6200
FAB-W1190,7100
FAB-W1191,9200
FAB-W1192,6100
FAB-W1193,7200
FAB-W1194,9100
FAB-W1195,6200
FAB-W1196,7100
FAB-W1197,9200
FAB-W1198,6100
FAB-W1199,7200
FAB-W1200,9100
FAB-W1201,6200
FAB-W1202,7100
FAB-W1203,9200
FAB-W1204,6100
FAB-W1205,7200
FAB-W1206,9100
FAB-W1207,6200
FAB-W1208,7100
FAB-W1209,9200
FAB-W1210,6100
FAB-W1211,7200
FAB-W1212,9100
FAB-W1213,6200
FAB-W1214,7100
FAB-W1215,9200
FAB-W1216,6100
FAB-W1217,7200
FAB-W1218,9100
FAB-W1219,6200
FAB-W1220,7100
FAB-W1221,9200
FAB-W1222,6100
FAB-W1223,7200
FAB-W1224,9100
FAB-W1225,6200
FAB-W1226,7100
FAB-W1227,9200
FAB-W1228,6100
FAB-W1229,7200
FAB-W1230,9100
FAB-W1231,6200
FAB-W1232,7100
FAB-W1233,9200
FAB-W1234,6100
FAB-W1235,7200
FAB-W1236,9100
FAB-W1237,6200
FAB-W1238,7100
FAB-W1239,9200
FAB-W1240,6100
FAB-W1241,7200
FAB-W1242,9100
FAB-W1243,6200
FAB-W1244,7100
FAB-W1245,9200
FAB-W1246,6100
FAB-W1247,7200
FAB-W1248,9100
FAB-W1249,6200
FAB-W1250,7100
FAB-W1251,9200
FAB-W1252,6100
FAB-W1253,7200
FAB-W1254,9100
FAB-W1255,6200
FAB-W1256,7100
FAB-W1257,9200
FAB-W1258,6100
FAB-W1259,7200
FAB-W1260,9100
FAB-W1261,6200
FAB-W1262,7100
FAB-W1263,9200
FAB-W1264,6100
FAB-W1265,7200
FAB-W1266,9100
FAB-W1267,6200
FAB-W1268,7100
FAB-W1269,9200
FAB-W1270,6100
FAB-W1271,7200
FAB-W1272,9100
FAB-W1273,6200
FAB-W1274,7100
FAB-W1275,9200
FAB-W1276,6100
FAB-W1277,7200
FAB-W1278,9100
FAB-W1279,6200
FAB-W1280,7100
FAB-W1281,9200
FAB-W1282,6100
FAB-W1283,7200
FAB-W1284,9100
FAB-W1285,6200
FAB-W1286,7100
FAB-W1287,9200
FAB-W1288,6100
FAB-W1289,7200
FAB-W1290,9100
FAB-W1291,6200
FAB-W1292,7100
FAB-W1293,9200
FAB-W1294,6100
FAB-W1295,7200
FAB-W1296,9100
FAB-W1297,6200
FAB-W1298,7100
FAB-W1299,9200
FAB-W1300,6100
FAB-W1301,7200
FAB-W1302,9100
FAB-W1303,6200
FAB-W1304,7100
FAB-W1305,9200
FAB-W1306,6100
FAB-W1307,7200
FAB-W1308,9100
FAB-W1309,6200
FAB-W1310,7100
FAB-W1311,9200
FAB-W1312,6100
FAB-W1313,7200
FAB-W1314,9100
FAB-W1315,6200
FAB-W1316,7100
FAB-W1317,9200
FAB-W1318,6100
FAB-W1319,7200
FAB-W1320,9100
FAB-W1321,6200
FAB-W1322,7100
FAB-W1323,9200
FAB-W1324,6100
FAB-W1325,7200
FAB-W1326,9100
FAB-W1327,6200
FAB-W1328,7100
FAB-W1329,9200
FAB-W1330,6100
FAB-W1331,7200
FAB-W1332,9100
FAB-W1333,6200
FAB-W1334,7100
FAB-W1335,9200
FAB-W1336,6100
FAB-W1337,7200
FAB-W1338,9100
FAB-W1339,6200
FAB-W1340,7100
FAB-W1341,9200
FAB-W1342,6100
FAB-W1343,7200
FAB-W1344,9100
FAB-W1345,6200
FAB-W1346,7100
FAB-W1347,9200
FAB-W1348,6100
FAB-W1349,7200
FAB-W1350,9100
FAB-W1351,6200
FAB-W1352,7100
FAB-W1353,9200
FAB-W1354,6100
FAB-W1355,7200
FAB-W1356,9100
FAB-W1357,6200
FAB-W1358,7100
FAB-W1359,9200
FAB-W1360,6100
FAB-W1361,7200
FAB-W1362,9100
FAB-W1363,6200
FAB-W1364,7100
FAB-W1365,9200
FAB-W1366,6100
FAB-W1367,7200
FAB-W1368,9100
FAB-W1369,6200
FAB-W1370,7100
FAB-W1371,9200
FAB-W1372,6100
FAB-W1373,7200
FAB-W1374,9100
FAB-W1375,6200
FAB-W1376,7100
FAB-W1377,9200
FAB-W1378,6100
FAB-W1379,7200
FAB-W1380,9100
FAB-W1381,6200
FAB-W1382,7100
FAB-W1383,9200
FAB-W1384,6100
FAB-W1385,7200
FAB-W1386,9100
FAB-W1387,6200
FAB-W1388,7100
FAB-W1389,9200
FAB-W1390,6100
FAB-W1391,7200
FAB-W1392,9100
FAB-W1393,6200
FAB-W1394,7100
FAB-W1395,9200
FAB-W1396,6100
FAB-W1397,7200
FAB-W1398,9100
FAB-W1399,6200
FAB-W1400,7100
FAB-W1401,9200
FAB-W1402,6100
FAB-W1403,7200
FAB-W1404,9100
FAB-W1405,6200
FAB-W1406,7100
FAB-W1407,9200
FAB-W1408,6100
FAB-W1409,7200
FAB-W1410,9100
FAB-W1411,6200
FAB-W1412,7100
FAB-W1413,9200
FAB-W1414,6100
FAB-W1415,7200
FAB-W1416,9100
FAB-W1417,6200
FAB-W1418,7100
FAB-W1419,9200
FAB-W1420,6100
FAB-W1421,7200
FAB-W1422,9100
FAB-W1423,6200
FAB-W1424,7100
FAB-W1425,9200
FAB-W1426,6100
FAB-W1427,7200
FAB-W1428,9100
FAB-W1429,6200
FAB-W1430,7100
FAB-W1431,9200
FAB-W1432,6100
FAB-W1433,7200
FAB-W1434,9100
FAB-W1435,6200
FAB-W1436,7100
FAB-W1437,9200
FAB-W1438,6100
FAB-W1439,7200
FAB-W1440,9100
FAB-W1441,6200
FAB-W1442,7100
FAB-W1443,9200
FAB-W1444,6100
FAB-W1445,7200
FAB-W1446,9100
FAB-W1447,6200
FAB-W1448,7100
FAB-W1449,9200
FAB-W1450,6100
FAB-W1451,7200
FAB-W1452,9100
FAB-W1453,6200
FAB-W1454,7100
FAB-W1455,9200
FAB-W1456,6100
FAB-W1457,7200
FAB-W1458,9100
FAB-W1459,6200
FAB-W1460,7100
FAB-W1461,9200
FAB-W1462,6100
FAB-W1463,7200
FAB-W1464,9100
FAB-W1465,6200
FAB-W1466,7100
FAB-W1467,9200
FAB-W1468,6100
FAB-W1469,7200
FAB-W1470,9100
FAB-W1471,6200
FAB-W1472,7100
FAB-W1473,9200
FAB-W1474,6100
FAB-W1475,7200
FAB-W1476,9100
FAB-W1477,6200
FAB-W1478,7100
FAB-W1479,9200
FAB-W1480,6100
FAB-W1481,7200
FAB-W1482,9100
FAB-W1483,6200
FAB-W1484,7100
FAB-W1485,9200
FAB-W1486,6100
FAB-W1487,7200
FAB-W1488,9100
FAB-W1489,6200
FAB-W1490,7100
FAB-W1491,9200
FAB-W1492,6100
FAB-W1493,7200
FAB-W1494,9100
FAB-W1495,6200
FAB-W1496,7100
FAB-W1497,9200
FAB-W1498,6100
FAB-W1499,7200
FAB-W1500,9100
FAB-W1501,6200
FAB-W1502,7100
FAB-W1503,9200
FAB-W1504,6100
FAB-W1505,7200
FAB-W1506,9100
FAB-W1507,6200
FAB-W1508,7100
FAB-W1509,9200
FAB-W1510,6100
FAB-W1511,7200
FAB-W1512,9100
FAB-W1513,6200
FAB-W1514,7100
FAB-W1515,9200
FAB-W1516,6100
FAB-W1517,7200
FAB-W1518,9100
FAB-W1519,6200
FAB-W1520,7100
FAB-W1521,9200
FAB-W1522,6100
FAB-W1523,7200
FAB-W1524,9100
FAB-W1525,6200
FAB-W1526,7100
FAB-W1527,9200
FAB-W1528,6100
FAB-W1529,7200
FAB-W1530,9100
FAB-W1531,6200
FAB-W1532,7100
FAB-W1533,9200
FAB-W1534,6100
FAB-W1535,7200
FAB-W1536,9100
FAB-W1537,6200
FAB-W1538,7100
FAB-W1539,9200
FAB-W1540,6100
FAB-W1541,7200
FAB-W1542,9100
FAB-W1543,6200
FAB-W1544,7100
FAB-W1545,9200
FAB-W1546,6100
FAB-W1547,7200
FAB-W1548,9100
FAB-W1549,6200
FAB-W1550,7100
FAB-W1551,9200
FAB-W1552,6100
FAB-W1553,7200
FAB-W1554,9100
FAB-W1555,6200
FAB-W1556,7100
FAB-W1557,9200
FAB-W1558,6100
FAB-W1559,7200
FAB-W1560,9100
FAB-W1561,6200
FAB-W1562,7100
FAB-W1563,9200
FAB-W1564,6100
FAB-W1565,7200
FAB-W1566,9100
FAB-W1567,6200
FAB-W1568,7100
FAB-W1569,9200
FAB-W1570,6100
FAB-W1571,7200
FAB-W1572,9100
FAB-W1573,6200
FAB-W1574,7100
FAB-W1575,9200
FAB-W1576,6100
FAB-W1577,7200
FAB-W1578,9100
FAB-W1579,6200
FAB-W1580,7100
FAB-W1581,9200
FAB-W1582,6100
FAB-W1583,7200
FAB-W1584,9100
FAB-W1585,6200
FAB-W1586,7100
FAB-W1587,9200
FAB-W1588,6100
FAB-W1589,7200
FAB-W1590,9100
FAB-W1591,6200
FAB-W1592,7100
FAB-W1593,9200
FAB-W1594,6100
FAB-W1595,7200
FAB-W1596,9100
FAB-W1597,6200
FAB-W1598,7100
FAB-W1599,9200
FAB-W1600,6100
FAB-W1601,7200
FAB-W1602,9100
FAB-W1603,6200
FAB-W1604,7100
FAB-W1605,9200
FAB-W1606,6100
FAB-W1607,7200
FAB-W1608,9100
FAB-W1609,6200
FAB-W1610,7100
FAB-W1611,9200
FAB-W1612,6100
FAB-W1613,7200
FAB-W1614,9100
FAB-W1615,6200
FAB-W1616,7100
FAB-W1617,9200
FAB-W1618,6100
FAB-W1619,7200
FAB-W1620,9100
FAB-W1621,6200
FAB-W1622,7100
FAB-W1623,9200
FAB-W1624,6100
FAB-W1625,7200
FAB-W1626,9100
FAB-W1627,6200
FAB-W1628,7100
FAB-W1629,9200
FAB-W1630,6100
FAB-W1631,7200
FAB-W1632,9100
FAB-W1633,6200
FAB-W1634,7100
FAB-W1635,9200
FAB-W1636,6100
FAB-W1637,7200
FAB-W1638,9100
FAB-W1639,6200
FAB-W1640,7100
FAB-W1641,9200
FAB-W1642,6100
FAB-W1643,7200
FAB-W1644,9100
FAB-W1645,6200
FAB-W1646,7100
FAB-W1647,9200
FAB-W1648,6100
FAB-W1649,7200
FAB-W1650,9100
FAB-W1651,6200
FAB-W1652,7100
FAB-W1653,9200
FAB-W1654,6100
FAB-W1655,7200
FAB-W1656,9100
FAB-W1657,6200
FAB-W1658,7100
FAB-W1659,9200
FAB-W1660,6100
FAB-W1661,7200
FAB-W1662,9100
FAB-W1663,6200
FAB-W1664,7100
FAB-W1665,9200
FAB-W1666,6100
FAB-W1667,7200
FAB-W1668,9100
FAB-W1669,6200
FAB-W1670,7100
FAB-W1671,9200
FAB-W1672,6100
FAB-W1673,7200
FAB-W1674,9100
FAB-W1675,6200
FAB-W1676,7100
FAB-W1677,9200
FAB-W1678,6100
FAB-W1679,7200
FAB-W1680,9100
FAB-W1681,6200
FAB-W1682,7100
FAB-W1683,9200
FAB-W1684,6100
FAB-W1685,7200
FAB-W1686,9100
FAB-W1687,6200
FAB-W1688,7100
FAB-W1689,9200
FAB-W1690,6100
FAB-W1691,7200
FAB-W1692,9100
FAB-W1693,6200
FAB-W1694,7100
FAB-W1695,9200
FAB-W1696,6100
FAB-W1697,7200
FAB-W1698,9100
FAB-W1699,6200
FAB-W1700,7100
FAB-W1701,9200
FAB-W1702,6100
FAB-W1703,7200
FAB-W1704,9100
FAB-W1705,6200
FAB-W1706,7100
FAB-W1707,9200
FAB-W1708,6100
FAB-W1709,7200
FAB-W1710,9100
FAB-W1711,6200
FAB-W1712,7100
FAB-W1713,9200
FAB-W1714,6100
FAB-W1715,7200
FAB-W1716,9100
FAB-W1717,6200
FAB-W1718,7100
FAB-W1719,9200
FAB-W1720,6100
FAB-W1721,7200
FAB-W1722,9100
FAB-W1723,6200
FAB-W1724,7100
FAB-W1725,9200
FAB-W1726,6100
FAB-W1727,7200
FAB-W1728,9100
FAB-W1729,6200
FAB-W1730,7100
FAB-W1731,9200
FAB-W1732,6100
FAB-W1733,7200
FAB-W1734,9100
FAB-W1735,6200
FAB-W1736,7100
FAB-W1737,9200
FAB-W1738,6100
FAB-W1739,7200
FAB-W1740,9100
FAB-W1741,6200
FAB-W1742,7100
FAB-W1743,9200
FAB-W1744,6100
FAB-W1745,7200
FAB-W1746,9100
FAB-W1747,6200
FAB-W1748,7100
FAB-W1749,9200
FAB-W1750,6100
FAB-W1751,7200
FAB-W1752,9100
FAB-W1753,6200
FAB-W1754,7100
FAB-W1755,9200
FAB-W1756,6100
FAB-W1757,7200
FAB-W1758,9100
FAB-W1759,6200
FAB-W1760,7100
FAB-W1761,9200
FAB-W1762,6100
FAB-W1763,7200
FAB-W1764,9100
FAB-W1765,6200
FAB-W1766,7100
FAB-W1767,9200
FAB-W1768,6100
FAB-W1769,7200
FAB-W1770,9100
FAB-W1771,6200
FAB-W1772,7100
FAB-W1773,9200
FAB-W1774,6100
FAB-W1775,7200
FAB-W1776,9100
FAB-W1777,6200
FAB-W1778,7100
FAB-W1779,9200
FAB-W1780,6100
FAB-W1781,7200
FAB-W1782,9100
FAB-W1783,6200
FAB-W1784,7100
FAB-W1785,9200
FAB-W1786,6100
FAB-W1787,7200
FAB-W1788,9100
FAB-W1789,6200
FAB-W1790,7100
FAB-W1791,9200
FAB-W1792,6100
FAB-W1793,7200
FAB-W1794,9100
FAB-W1795,6200
FAB-W1796,7100
FAB-W1797,9200
FAB-W1798,6100
FAB-W1799,7200
FAB-W1800,9100
FAB-W1801,6200
FAB-W1802,7100
FAB-W1803,9200
FAB-W1804,6100
FAB-W1805,7200
FAB-W1806,9100
FAB-W1807,6200
FAB-W1808,7100
FAB-W1809,9200
FAB-W1810,6100
FAB-W1811,7200
FAB-W1812,9100
FAB-W1813,6200
FAB-W1814,7100
FAB-W1815,9200
FAB-W1816,6100
FAB-W1817,7200
FAB-W1818,9100
FAB-W1819,6200
FAB-W1820,7100
FAB-W1821,9200
FAB-W1822,6100
FAB-W1823,7200
FAB-W1824,9100
FAB-W1825,6200
FAB-W1826,7100
FAB-W1827,9200
FAB-W1828,6100
FAB-W1829,7200
FAB-W1830,9100
FAB-W1831,6200
FAB-W1832,7100
FAB-W1833,9200
FAB-W1834,6100
FAB-W1835,7200
FAB-W1836,9100
FAB-W1837,6200
FAB-W1838,7100
FAB-W1839,9200
FAB-W1840,6100
FAB-W1841,7200
FAB-W1842,9100
FAB-W1843,6200
FAB-W1844,7100
FAB-W1845,9200
FAB-W1846,6100
FAB-W1847,7200
FAB-W1848,9100
FAB-W1849,6200
FAB-W1850,7100
FAB-W1851,9200
FAB-W1852,6100
FAB-W1853,7200
FAB-W1854,9100
FAB-W1855,6200
FAB-W1856,7100
FAB-W1857,9200
FAB-W1858,6100
FAB-W1859,7200
FAB-W1860,9100
FAB-W1861,6200
FAB-W1862,7100
FAB-W1863,9200
FAB-W1864,6100
FAB-W1865,7200
FAB-W1866,9100
FAB-W1867,6200
FAB-W1868,7100
FAB-W1869,9200
FAB-W1870,6100
FAB-W1871,7200
FAB-W1872,9100
FAB-W1873,6200
FAB-W1874,7100
FAB-W1875,9200
FAB-W1876,6100
FAB-W1877,7200
FAB-W1878,9100
FAB-W1879,6200
FAB-W1880,7100
FAB-W1881,9200
FAB-W1882,6100
FAB-W1883,7200
FAB-W1884,9100
FAB-W1885,6200
FAB-W1886,7100
FAB-W1887,9200
FAB-W1888,6100
FAB-W1889,7200
FAB-W1890,9100
FAB-W1891,6200
FAB-W1892,7100
FAB-W1893,9200
FAB-W1894,6100
FAB-W1895,7200
FAB-W1896,9100
FAB-W1897,6200
FAB-W1898,7100
FAB-W1899,9200
FAB-W1900,6100
FAB-W1901,7200
FAB-W1902,9100
FAB-W1903,6200
FAB-W1904,7100
FAB-W1905,9200
FAB-W1906,6100
FAB-W1907,7200
FAB-W1908,9100
FAB-W1909,6200
FAB-W1910,7100
FAB-W1911,9200
FAB-W1912,6100
FAB-W1913,7200
FAB-W1914,9100
FAB-W1915,6200
FAB-W1916,7100
FAB-W1917,9200
FAB-W1918,6100
FAB-W1919,7200
FAB-W1920,9100
FAB-W1921,6200
FAB-W1922,7100
FAB-W1923,9200
FAB-W1924,6100
FAB-W1925,7200
FAB-W1926,9100
FAB-W1927,6200
FAB-W1928,7100
FAB-W1929,9200
FAB-W1930,6100
FAB-W1931,7200
FAB-W1932,9100
FAB-W1933,6200
FAB-W1934,7100
FAB-W1935,9200
FAB-W1936,6100
FAB-W1937,7200
FAB-W1938,9100
FAB-W1939,6200
FAB-W1940,7100
FAB-W1941,9200
FAB-W1942,6100
FAB-W1943,7200
FAB-W1944,9100
FAB-W1945,6200
FAB-W1946,7100
FAB-W1947,9200
FAB-W1948,6100
FAB-W1949,7200
FAB-W1950,9100
FAB-W1951,6200
FAB-W1952,7100
FAB-W1953,9200
FAB-W1954,6100
FAB-W1955,7200
FAB-W1956,9100
FAB-W1957,6200
FAB-W1958,7100
FAB-W1959,9200
FAB-W1960,6100
FAB-W1961,7200
FAB-W1962,9100
FAB-W1963,6200
FAB-W1964,7100
FAB-W1965,9200
FAB-W1966,6100
FAB-W1967,7200
FAB-W1968,9100
FAB-W1969,6200
FAB-W1970,7100
FAB-W1971,9200
FAB-W1972,6100
FAB-W1973,7200
FAB-W1974,9100
FAB-W1975,6200
FAB-W1976,7100
FAB-W1977,9200
FAB-W1978,6100
FAB-W1979,7200
FAB-W1980,9100
FAB-W1981,6200
FAB-W1982,7100
FAB-W1983,9200
FAB-W1984,6100
FAB-W1985,7200
FAB-W1986,9100
FAB-W1987,6200
FAB-W1988,7100
FAB-W1989,9200
FAB-W1990,6100
FAB-W1991,7200
FAB-W1992,9100
FAB-W1993,6200
FAB-W1994,7100
FAB-W1995,9200
FAB-W1996,6100
FAB-W1997,7200
FAB-W1998,9100
FAB-W1999,6200
FAB-W2000,7100
FAB-W2001,9200
FAB-W2002,6100
FAB-W2003,7200
FAB-W2004,9100
FAB-W2005,6200
FAB-W2006,7100
FAB-W2007,9200
FAB-W2008,6100
FAB-W2009,7200
FAB-W2010,9100
FAB-W2011,6200
FAB-W2012,7100
FAB-W2013,9200
FAB-W2014,6100
FAB-W2015,7200
FAB-W2016,9100
FAB-W2017,6200
FAB-W2018,7100
FAB-W2019,9200
FAB-W2020,6100
FAB-W2021,7200
FAB-W2022,9100
FAB-W2023,6200
FAB-W2024,7100
FAB-W2025,9200
FAB-W2026,6100
FAB-W2027,7200
FAB-W2028,9100
FAB-W2029,6200
FAB-W2030,7100
FAB-W2031,9200
FAB-W2032,6100
FAB-W2033,7200
FAB-W2034,9100
FAB-W2035,6200
FAB-W2036,7100
FAB-W2037,9200
FAB-W2038,6100
FAB-W2039,7200
FAB-W2040,9100
FAB-W2041,6200
FAB-W2042,7100
FAB-W2043,9200
FAB-W2044,6100
FAB-W2045,7200
FAB-W2046,9100
FAB-W2047,6200
FAB-W2048,7100
FAB-W2049,9200
FAB-W2050,6100
FAB-W2051,7200
FAB-W2052,9100
FAB-W2053,6200
FAB-W2054,7100
FAB-W2055,9200
FAB-W2056,6100
FAB-W2057,7200
FAB-W2058,9100
FAB-W2059,6200
FAB-W2060,7100
FAB-W2061,9200
FAB-W2062,6100
FAB-W2063,7200
FAB-W2064,9100
FAB-W2065,6200
FAB-W2066,7100
FAB-W2067,9200
FAB-W2068,6100
FAB-W2069,7200
FAB-W2070,9100
FAB-W2071,6200
FAB-W2072,7100
FAB-W2073,9200
FAB-W2074,6100
FAB-W2075,7200
FAB-W2076,9100
FAB-W2077,6200
FAB-W2078,7100
FAB-W2079,9200
FAB-W2080,6100
FAB-W2081,7200
FAB-W2082,9100
FAB-W2083,6200
FAB-W2084,7100
FAB-W2085,9200
FAB-W2086,6100
FAB-W2087,7200
FAB-W2088,9100
FAB-W2089,6200
FAB-W2090,7100
FAB-W2091,9200
FAB-W2092,6100
FAB-W2093,7200
FAB-W2094,9100
FAB-W2095,6200
FAB-W2096,7100
FAB-W2097,9200
FAB-W2098,6100
FAB-W2099,7200
FAB-W2100,9100
FAB-W2101,6200
FAB-W2102,7100
FAB-W2103,9200
FAB-W2104,6100
FAB-W2105,7200
FAB-W2106,9100
FAB-W2107,6200
FAB-W2108,7100
FAB-W2109,9200
FAB-W2110,6100
FAB-W2111,7200
FAB-W2112,9100
FAB-W2113,6200
FAB-W2114,7100
FAB-W2115,9200
FAB-W2116,6100
FAB-W2117,7200
FAB-W2118,9100
FAB-W2119,6200
FAB-W2120,7100
FAB-W2121,9200
FAB-W2122,6100
FAB-W2123,7200
FAB-W2124,9100
FAB-W2125,6200
FAB-W2126,7100
FAB-W2127,9200
FAB-W2128,6100
FAB-W2129,7200
FAB-W2130,9100
FAB-W2131,6200
FAB-W2132,7100
FAB-W2133,9200
FAB-W2134,6100
FAB-W2135,7200
FAB-W2136,9100
FAB-W2137,6200
FAB-W2138,7100
FAB-W2139,9200
FAB-W2140,6100
FAB-W2141,7200
FAB-W2142,9100
FAB-W2143,6200
FAB-W2144,7100
FAB-W2145,9200
FAB-W2146,6100
FAB-W2147,7200
FAB-W2148,9100
FAB-W2149,6200
FAB-W2150,7100
FAB-W2151,9200
FAB-W2152,6100
FAB-W2153,7200
FAB-W2154,9100
FAB-W2155,6200
FAB-W2156,7100
FAB-W2157,9200
FAB-W2158,6100
FAB-W2159,7200
FAB-W2160,9100
FAB-W2161,6200
FAB-W2162,7100
FAB-W2163,9200
FAB-W2164,6100
FAB-W2165,7200
FAB-W2166,9100
FAB-W2167,6200
FAB-W2168,7100
FAB-W2169,9200
FAB-W2170,6100
FAB-W2171,7200
FAB-W2172,9100
FAB-W2173,6200
FAB-W2174,7100
FAB-W2175,9200
FAB-W2176,6100
FAB-W2177,7200
FAB-W2178,9100
FAB-W2179,6200
FAB-W2180,7100
FAB-W2181,9200
FAB-W2182,6100
FAB-W2183,7200
FAB-W2184,9100
FAB-W2185,6200
FAB-W2186,7100
FAB-W2187,9200
FAB-W2188,6100
FAB-W2189,7200
FAB-W2190,9100
FAB-W2191,6200
FAB-W2192,7100
FAB-W2193,9200
FAB-W2194,6100
FAB-W2195,7200
FAB-W2196,9100
FAB-W2197,6200
FAB-W2198,7100
FAB-W2199,9200
FAB-W2200,6100
FAB-W2201,7200
FAB-W2202,9100
FAB-W2203,6200
FAB-W2204,7100
FAB-W2205,9200
FAB-W2206,6100
FAB-W2207,7200
FAB-W2208,9100
FAB-W2209,6200
FAB-W2210,7100
FAB-W2211,9200
FAB-W2212,6100
FAB-W2213,7200
FAB-W2214,9100
FAB-W2215,6200
FAB-W2216,7100
FAB-W2217,9200
FAB-W2218,6100
FAB-W2219,7200
FAB-W2220,9100
FAB-W2221,6200
FAB-W2222,7100
FAB-W2223,9200
FAB-W2224,6100
FAB-W2225,7200
FAB-W2226,9100
FAB-W2227,6200
FAB-W2228,7100
FAB-W2229,9200
FAB-W2230,6100
FAB-W2231,7200
FAB-W2232,9100
FAB-W2233,6200
FAB-W2234,7100
FAB-W2235,9200
FAB-W2236,6100
FAB-W2237,7200
FAB-W2238,9100
FAB-W2239,6200
FAB-W2240,7100
FAB-W2241,9200
FAB-W2242,6100
FAB-W2243,7200
FAB-W2244,9100
FAB-W2245,6200
FAB-W2246,7100
FAB-W2247,9200
FAB-W2248,6100
FAB-W2249,7200
FAB-W2250,9100
FAB-W2251,6200
FAB-W2252,7100
FAB-W2253,9200
FAB-W2254,6100
FAB-W2255,7200
FAB-W2256,9100
FAB-W2257,6200
FAB-W2258,7100
FAB-W2259,9200
FAB-W2260,6100
FAB-W2261,7200
FAB-W2262,9100
FAB-W2263,6200
FAB-W2264,7100
FAB-W2265,9200
FAB-W2266,6100
FAB-W2267,7200
FAB-W2268,9100
FAB-W2269,6200
FAB-W2270,7100
FAB-W2271,9200
FAB-W2272,6100
FAB-W2273,7200
FAB-W2274,9100
FAB-W2275,6200
FAB-W2276,7100
FAB-W2277,9200
FAB-W2278,6100
FAB-W2279,7200
FAB-W2280,9100
FAB-W2281,6200
FAB-W2282,7100
FAB-W2283,9200
FAB-W2284,6100
FAB-W2285,7200
FAB-W2286,9100
FAB-W2287,6200
FAB-W2288,7100
FAB-W2289,9200
FAB-W2290,6100
FAB-W2291,7200
FAB-W2292,9100
FAB-W2293,6200
FAB-W2294,7100
FAB-W2295,9200
FAB-W2296,6100
FAB-W2297,7200
FAB-W2298,9100
FAB-W2299,6200
FAB-W2300,7100
FAB-W2301,9200
FAB-W2302,6100
FAB-W2303,7200
FAB-W2304,9100
FAB-W2305,6200
FAB-W2306,7100
FAB-W2307,9200
FAB-W2308,6100
FAB-W2309,7200
FAB-W2310,9100
FAB-W2311,6200
FAB-W2312,7100
FAB-W2313,9200
FAB-W2314,6100
FAB-W2315,7200
FAB-W2316,9100
FAB-W2317,6200
FAB-W2318,7100
FAB-W2319,9200
FAB-W2320,6100
FAB-W2321,7200
FAB-W2322,9100
FAB-W2323,6200
FAB-W2324,7100
FAB-W2325,9200
FAB-W2326,6100
FAB-W2327,7200
FAB-W2328,9100
FAB-W2329,6200
FAB-W2330,7100
FAB-W2331,9200
FAB-W2332,6100
FAB-W2333,7200
FAB-W2334,9100
FAB-W2335,6200
FAB-W2336,7100
FAB-W2337,9200
FAB-W2338,6100
FAB-W2339,7200
FAB-W2340,9100
FAB-W2341,6200
FAB-W2342,7100
FAB-W2343,9200
FAB-W2344,6100
FAB-W2345,7200
FAB-W2346,9100
FAB-W2347,6200
FAB-W2348,7100
FAB-W2349,9200
FAB-W2350,6100
FAB-W2351,7200
FAB-W2352,9100
FAB-W2353,6200
FAB-W2354,7100
FAB-W2355,9200
FAB-W2356,6100
FAB-W2357,7200
FAB-W2358,9100
FAB-W2359,6200
FAB-W2360,7100
FAB-W2361,9200
FAB-W2362,6100
FAB-W2363,7200
FAB-W2364,9100
FAB-W2365,6200
FAB-W2366,7100
FAB-W2367,9200
FAB-W2368,6100
FAB-W2369,7200
FAB-W2370,9100
FAB-W2371,6200
FAB-W2372,7100
FAB-W2373,9200
FAB-W2374,6100
FAB-W2375,7200
FAB-W2376,9100
FAB-W2377,6200
FAB-W2378,7100
FAB-W2379,9200
FAB-W2380,6100
FAB-W2381,7200
FAB-W2382,9100
FAB-W2383,6200
FAB-W2384,7100
FAB-W2385,9200
FAB-W2386,6100
FAB-W2387,7200
FAB-W2388,9100
FAB-W2389,6200
FAB-W2390,7100
FAB-W2391,9200
FAB-W2392,6100
FAB-W2393,7200
FAB-W2394,9100
FAB-W2395,6200
FAB-W2396,7100
FAB-W2397,9200
FAB-W2398,6100
FAB-W2399,7200
FAB-W2400,9100
FAB-W2401,6200
FAB-W2402,7100
FAB-W2403,9200
FAB-W2404,6100
FAB-W2405,7200
FAB-W2406,9100
FAB-W2407,6200
FAB-W2408,7100
FAB-W2409,9200
FAB-W2410,6100
FAB-W2411,7200
FAB-W2412,9100
FAB-W2413,6200
FAB-W2414,7100
FAB-W2415,9200
FAB-W2416,6100
FAB-W2417,7200
FAB-W2418,9100
FAB-W2419,6200
FAB-W2420,7100
FAB-W2421,9200
FAB-W2422,6100
FAB-W2423,7200
FAB-W2424,9100
FAB-W2425,6200
FAB-W2426,7100
FAB-W2427,9200
FAB-W2428,6100
FAB-W2429,7200
FAB-W2430,9100
FAB-W2431,6200
FAB-W2432,7100
FAB-W2433,9200
FAB-W2434,6100
FAB-W2435,7200
FAB-W2436,9100
FAB-W2437,6200
FAB-W2438,7100
FAB-W2439,9200
FAB-W2440,6100
FAB-W2441,7200
FAB-W2442,9100
FAB-W2443,6200
FAB-W2444,7100
FAB-W2445,9200
FAB-W2446,6100
FAB-W2447,7200
FAB-W2448,9100
FAB-W2449,6200
FAB-W2450,7100
FAB-W2451,9200
FAB-W2452,6100
FAB-W2453,7200
FAB-W2454,9100
FAB-W2455,6200
FAB-W2456,7100
FAB-W2457,9200
FAB-W2458,6100
FAB-W2459,7200
FAB-W2460,9100
FAB-W2461,6200
FAB-W2462,7100
FAB-W2463,9200
FAB-W2464,6100
FAB-W2465,7200
FAB-W2466,9100
FAB-W2467,6200
FAB-W2468,7100
FAB-W2469,9200
FAB-W2470,6100
FAB-W2471,7200
FAB-W2472,9100
FAB-W2473,6200
FAB-W2474,7100
FAB-W2475,9200
FAB-W2476,6100
FAB-W2477,7200
FAB-W2478,9100
FAB-W2479,6200
FAB-W2480,7100
FAB-W2481,9200
FAB-W2482,6100
FAB-W2483,7200
FAB-W2484,9100
FAB-W2485,6200
FAB-W2486,7100
FAB-W2487,9200
FAB-W2488,6100
FAB-W2489,7200
FAB-W2490,9100
FAB-W2491,6200
FAB-W2492,7100
FAB-W2493,9200
FAB-W2494,6100
FAB-W2495,7200
FAB-W2496,9100
FAB-W2497,6200
FAB-W2498,7100
FAB-W2499,9200
FAB-W2500,6100
FAB-W2501,7200
FAB-W2502,9100
FAB-W2503,6200
FAB-W2504,7100
FAB-W2505,9200
FAB-W2506,6100
FAB-W2507,7200
FAB-W2508,9100
FAB-W2509,6200
FAB-W2510,7100
FAB-W2511,9200
FAB-W2512,6100
FAB-W2513,7200
FAB-W2514,9100
FAB-W2515,6200
FAB-W2516,7100
FAB-W2517,9200
FAB-W2518,6100
FAB-W2519,7200
FAB-W2520,9100
FAB-W2521,6200
FAB-W2522,7100
FAB-W2523,9200
FAB-W2524,6100
FAB-W2525,7200
FAB-W2526,9100
FAB-W2527,6200
FAB-W2528,7100
FAB-W2529,9200
FAB-W2530,6100
FAB-W2531,7200
FAB-W2532,9100
FAB-W2533,6200
FAB-W2534,7100
FAB-W2535,9200
FAB-W2536,6100
FAB-W2537,7200
FAB-W2538,9100
FAB-W2539,6200
FAB-W2540,7100
FAB-W2541,9200
FAB-W2542,6100
FAB-W2543,7200
FAB-W2544,9100
FAB-W2545,6200
FAB-W2546,7100
FAB-W2547,9200
FAB-W2548,6100
FAB-W2549,7200
FAB-W2550,9100
FAB-W2551,6200
FAB-W2552,7100
FAB-W2553,9200
FAB-W2554,6100
FAB-W2555,7200
FAB-W2556,9100
FAB-W2557,6200
FAB-W2558,7100
FAB-W2559,9200
FAB-W2560,6100
FAB-W2561,7200
FAB-W2562,9100
FAB-W2563,6200
FAB-W2564,7100
FAB-W2565,9200
FAB-W2566,6100
FAB-W2567,7200
FAB-W2568,9100
FAB-W2569,6200
FAB-W2570,7100
FAB-W2571,9200
FAB-W2572,6100
FAB-W2573,7200
FAB-W2574,9100
FAB-W2575,6200
FAB-W2576,7100
FAB-W2577,9200
FAB-W2578,6100
FAB-W2579,7200
FAB-W2580,9100
FAB-W2581,6200
FAB-W2582,7100
FAB-W2583,9200
FAB-W2584,6100
FAB-W2585,7200
FAB-W2586,9100
FAB-W2587,6200
FAB-W2588,7100
FAB-W2589,9200
FAB-W2590,6100
FAB-W2591,7200
FAB-W2592,9100
FAB-W2593,6200
FAB-W2594,7100
FAB-W2595,9200
FAB-W2596,6100
FAB-W2597,7200
FAB-W2598,9100
FAB-W2599,6200
FAB-W2600,7100
FAB-W2601,9200
FAB-W2602,6100
FAB-W2603,7200
FAB-W2604,9100
FAB-W2605,6200
FAB-W2606,7100
FAB-W2607,9200
FAB-W2608,6100
FAB-W2609,7200
FAB-W2610,9100
FAB-W2611,6200
FAB-W2612,7100
FAB-W2613,9200
FAB-W2614,6100
FAB-W2615,7200
FAB-W2616,9100
FAB-W2617,6200
FAB-W2618,7100
FAB-W2619,9200
FAB-W2620,6100
FAB-W2621,7200
FAB-W2622,9100
FAB-W2623,6200
FAB-W2624,7100
FAB-W2625,9200
FAB-W2626,6100
FAB-W2627,7200
FAB-W2628,9100
FAB-W2629,6200
FAB-W2630,7100
FAB-W2631,9200
FAB-W2632,6100
FAB-W2633,7200
FAB-W2634,9100
FAB-W2635,6200
FAB-W2636,7100
FAB-W2637,9200
FAB-W2638,6100
FAB-W2639,7200
FAB-W2640,9100
FAB-W2641,6200
FAB-W2642,7100
FAB-W2643,9200
FAB-W2644,6100
FAB-W2645,7200
FAB-W2646,9100
FAB-W2647,6200
FAB-W2648,7100
FAB-W2649,9200
FAB-W2650,6100
FAB-W2651,7200
FAB-W2652,9100
FAB-W2653,6200
FAB-W2654,7100
FAB-W2655,9200
FAB-W2656,6100
FAB-W2657,7200
FAB-W2658,9100
FAB-W2659,6200
FAB-W2660,7100
FAB-W2661,9200
FAB-W2662,6100
FAB-W2663,7200
FAB-W2664,9100
FAB-W2665,6200
FAB-W2666,7100
FAB-W2667,9200
FAB-W2668,6100
FAB-W2669,7200
FAB-W2670,9100
FAB-W2671,6200
FAB-W2672,7100
FAB-W2673,9200
FAB-W2674,6100
FAB-W2675,7200
FAB-W2676,9100
FAB-W2677,6200
FAB-W2678,7100
FAB-W2679,9200
FAB-W2680,6100
FAB-W2681,7200
FAB-W2682,9100
FAB-W2683,6200
FAB-W2684,7100
FAB-W2685,9200
FAB-W2686,6100
FAB-W2687,7200
FAB-W2688,9100
FAB-W2689,6200
FAB-W2690,7100
FAB-W2691,9200
FAB-W2692,6100
FAB-W2693,7200
FAB-W2694,9100
FAB-W2695,6200
FAB-W2696,7100
FAB-W2697,9200
FAB-W2698,6100
FAB-W2699,7200
FAB-W2700,9100
FAB-W2701,6200
FAB-W2702,7100
FAB-W2703,9200
FAB-W2704,6100
FAB-W2705,7200
FAB-W2706,9100
FAB-W2707,6200
FAB-W2708,7100
FAB-W2709,9200
FAB-W2710,6100
FAB-W2711,7200
FAB-W2712,9100
FAB-W2713,6200
FAB-W2714,7100
FAB-W2715,9200
FAB-W2716,6100
FAB-W2717,7200
FAB-W2718,9100
FAB-W2719,6200
FAB-W2720,7100
FAB-W2721,9200
FAB-W2722,6100
FAB-W2723,7200
FAB-W2724,9100
FAB-W2725,6200
FAB-W2726,7100
FAB-W2727,9200
FAB-W2728,6100
FAB-W2729,7200
FAB-W2730,9100
FAB-W2731,6200
FAB-W2732,7100
FAB-W2733,9200
FAB-W2734,6100
FAB-W2735,7200
FAB-W2736,9100
FAB-W2737,6200
FAB-W2738,7100
FAB-W2739,9200
FAB-W2740,6100
FAB-W2741,7200
FAB-W2742,9100
FAB-W2743,6200
FAB-W2744,7100
FAB-W2745,9200
FAB-W2746,6100
FAB-W2747,7200
FAB-W2748,9100
FAB-W2749,6200
FAB-W2750,7100
FAB-W2751,9200
FAB-W2752,6100
FAB-W2753,7200
FAB-W2754,9100
FAB-W2755,6200
FAB-W2756,7100
FAB-W2757,9200
FAB-W2758,6100
FAB-W2759,7200
FAB-W2760,9100
FAB-W2761,6200
FAB-W2762,7100
FAB-W2763,9200
FAB-W2764,6100
FAB-W2765,7200
FAB-W2766,9100
FAB-W2767,6200
FAB-W2768,7100
FAB-W2769,9200
FAB-W2770,6100
FAB-W2771,7200
FAB-W2772,9100
FAB-W2773,6200
FAB-W2774,7100
FAB-W2775,9200
FAB-W2776,6100
FAB-W2777,7200
FAB-W2778,9100
FAB-W2779,6200
FAB-W2780,7100
FAB-W2781,9200
FAB-W2782,6100
FAB-W2783,7200
FAB-W2784,9100
FAB-W2785,6200
FAB-W2786,7100
FAB-W2787,9200
FAB-W2788,6100
FAB-W2789,7200
FAB-W2790,9100
FAB-W2791,6200
FAB-W2792,7100
FAB-W2793,9200
FAB-W2794,6100
FAB-W2795,7200
FAB-W2796,9100
FAB-W2797,6200
FAB-W2798,7100
FAB-W2799,9200
FAB-W2800,6100
FAB-W2801,7200
FAB-W2802,9100
FAB-W2803,6200
FAB-W2804,7100
FAB-W2805,9200
FAB-W2806,6100
FAB-W2807,7200
FAB-W2808,9100
FAB-W2809,6200
FAB-W2810,7100
FAB-W2811,9200
FAB-W2812,6100
FAB-W2813,7200
FAB-W2814,9100
FAB-W2815,6200
FAB-W2816,7100
FAB-W2817,9200
FAB-W2818,6100
FAB-W2819,7200
FAB-W2820,9100
FAB-W2821,6200
FAB-W2822,7100
FAB-W2823,9200
FAB-W2824,6100
FAB-W2825,7200
FAB-W2826,9100
FAB-W2827,6200
FAB-W2828,7100
FAB-W2829,9200
FAB-W2830,6100
FAB-W2831,7200
FAB-W2832,9100
FAB-W2833,6200
FAB-W2834,7100
FAB-W2835,9200
FAB-W2836,6100
FAB-W2837,7200
FAB-W2838,9100
FAB-W2839,6200
FAB-W2840,7100
FAB-W2841,9200
FAB-W2842,6100
FAB-W2843,7200
FAB-W2844,9100
FAB-W2845,6200
FAB-W2846,7100
FAB-W2847,9200
FAB-W2848,6100
FAB-W2849,7200
FAB-W2850,9100
FAB-W2851,6200
FAB-W2852,7100
FAB-W2853,9200
FAB-W2854,6100
FAB-W2855,7200
FAB-W2856,9100
FAB-W2857,6200
FAB-W2858,7100
FAB-W2859,9200
FAB-W2860,6100
FAB-W2861,7200
FAB-W2862,9100
FAB-W2863,6200
FAB-W2864,7100
FAB-W2865,9200
FAB-W2866,6100
FAB-W2867,7200
FAB-W2868,9100
FAB-W2869,6200
FAB-W2870,7100
FAB-W2871,9200
FAB-W2872,6100
FAB-W2873,7200
FAB-W2874,9100
FAB-W2875,6200
FAB-W2876,7100
FAB-W2877,9200
FAB-W2878,6100
FAB-W2879,7200
FAB-W2880,9100
FAB-W2881,6200
FAB-W2882,7100
FAB-W2883,9200
FAB-W2884,6100
FAB-W2885,7200
FAB-W2886,9100
FAB-W2887,6200
FAB-W2888,7100
FAB-W2889,9200
FAB-W2890,6100
FAB-W2891,7200
FAB-W2892,9100
FAB-W2893,6200
FAB-W2894,7100
FAB-W2895,9200
FAB-W2896,6100
FAB-W2897,7200
FAB-W2898,9100
FAB-W2899,6200
FAB-W2900,7100
FAB-W2901,9200
FAB-W2902,6100
FAB-W2903,7200
FAB-W2904,9100
FAB-W2905,6200
FAB-W2906,7100
FAB-W2907,9200
FAB-W2908,6100
FAB-W2909,7200
FAB-W2910,9100
FAB-W2911,6200
FAB-W2912,7100
FAB-W2913,9200
FAB-W2914,6100
FAB-W2915,7200
FAB-W2916,9100
FAB-W2917,6200
FAB-W2918,7100
FAB-W2919,9200
FAB-W2920,6100
FAB-W2921,7200
FAB-W2922,9100
FAB-W2923,6200
FAB-W2924,7100
FAB-W2925,9200
FAB-W2926,6100
FAB-W2927,7200
FAB-W2928,9100
FAB-W2929,6200
FAB-W2930,7100
FAB-W2931,9200
FAB-W2932,6100
FAB-W2933,7200
FAB-W2934,9100
FAB-W2935,6200
FAB-W2936,7100
FAB-W2937,9200
FAB-W2938,6100
FAB-W2939,7200
FAB-W2940,9100
FAB-W2941,6200
FAB-W2942,7100
FAB-W2943,9200
FAB-W2944,6100
FAB-W2945,7200
FAB-W2946,9100
FAB-W2947,6200
FAB-W2948,7100
FAB-W2949,9200
FAB-W2950,6100
FAB-W2951,7200
FAB-W2952,9100
FAB-W2953,6200
FAB-W2954,7100
FAB-W2955,9200
FAB-W2956,6100
FAB-W2957,7200
FAB-W2958,9100
FAB-W2959,6200
FAB-W2960,7100
FAB-W2961,9200
FAB-W2962,6100
FAB-W2963,7200
FAB-W2964,9100
FAB-W2965,6200
FAB-W2966,7100
FAB-W2967,9200
FAB-W2968,6100
FAB-W2969,7200
FAB-W2970,9100
FAB-W2971,6200
FAB-W2972,7100
FAB-W2973,9200
FAB-W2974,6100
FAB-W2975,7200
FAB-W2976,9100
FAB-W2977,6200
FAB-W2978,7100
FAB-W2979,9200
FAB-W2980,6100
FAB-W2981,7200
FAB-W2982,9100
FAB-W2983,6200
FAB-W2984,7100
FAB-W2985,9200
FAB-W2986,6100
FAB-W2987,7200
FAB-W2988,9100
FAB-W2989,6200
FAB-W2990,7100
FAB-W2991,9200
FAB-W2992,6100
FAB-W2993,7200
FAB-W2994,9100
FAB-W2995,6200
FAB-W2996,7100
FAB-W2997,9200
FAB-W2998,6100
FAB-W2999,7200
FAB-W3000,9100
FAB-W3001,6200
FAB-W3002,7100
FAB-W3003,9200
FAB-W3004,6100
FAB-W3005,7200
FAB-W3006,9100
FAB-W3007,6200
FAB-W3008,7100
FAB-W3009,9200
FAB-W3010,6100
FAB-W3011,7200
FAB-W3012,9100
FAB-W3013,6200
FAB-W3014,7100
FAB-W3015,9200
FAB-W3016,6100
FAB-W3017,7200
FAB-W3018,9100
FAB-W3019,6200
FAB-W3020,7100
FAB-W3021,9200
FAB-W3022,6100
FAB-W3023,7200
FAB-W3024,9100
FAB-W3025,6200
FAB-W3026,7100
FAB-W3027,9200
FAB-W3028,6100
FAB-W3029,7200
FAB-W3030,9100
FAB-W3031,6200
FAB-W3032,7100
FAB-W3033,9200
FAB-W3034,6100
FAB-W3035,7200
FAB-W3036,9100
FAB-W3037,6200
FAB-W3038,7100
FAB-W3039,9200
FAB-W3040,6100
FAB-W3041,7200
FAB-W3042,9100
FAB-W3043,6200
FAB-W3044,7100
FAB-W3045,9200
FAB-W3046,6100
FAB-W3047,7200
FAB-W3048,9100
FAB-W3049,6200
FAB-W3050,7100
FAB-W3051,9200
FAB-W3052,6100
FAB-W3053,7200
FAB-W3054,9100
FAB-W3055,6200
FAB-W3056,7100
FAB-W3057,9200
FAB-W3058,6100
FAB-W3059,7200
FAB-W3060,9100
FAB-W3061,6200
FAB-W3062,7100
FAB-W3063,9200
FAB-W3064,6100
FAB-W3065,7200
FAB-W3066,9100
FAB-W3067,6200
FAB-W3068,7100
FAB-W3069,9200
FAB-W3070,6100
FAB-W3071,7200
FAB-W3072,9100
FAB-W3073,6200
FAB-W3074,7100
FAB-W3075,9200
FAB-W3076,6100
FAB-W3077,7200
FAB-W3078,9100
FAB-W3079,6200
FAB-W3080,7100
FAB-W3081,9200
FAB-W3082,6100
FAB-W3083,7200
FAB-W3084,9100
FAB-W3085,6200
FAB-W3086,7100
FAB-W3087,9200
FAB-W3088,6100
FAB-W3089,7200
FAB-W3090,9100
FAB-W3091,6200
FAB-W3092,7100
FAB-W3093,9200
FAB-W3094,6100
FAB-W3095,7200
FAB-W3096,9100
FAB-W3097,6200
FAB-W3098,7100
FAB-W3099,9200
FAB-W3100,6100
FAB-W3101,7200
FAB-W3102,9100
FAB-W3103,6200
FAB-W3104,7100
FAB-W3105,9200
FAB-W3106,6100
FAB-W3107,7200
FAB-W3108,9100
FAB-W3109,6200
FAB-W3110,7100
FAB-W3111,9200
FAB-W3112,6100
FAB-W3113,7200
FAB-W3114,9100
FAB-W3115,6200
FAB-W3116,7100
FAB-W3117,9200
FAB-W3118,6100
FAB-W3119,7200
FAB-W3120,9100
FAB-W3121,6200
FAB-W3122,7100
FAB-W3123,9200
FAB-W3124,6100
FAB-W3125,7200
FAB-W3126,9100
FAB-W3127,6200
FAB-W3128,7100
FAB-W3129,9200
FAB-W3130,6100
FAB-W3131,7200
FAB-W3132,9100
FAB-W3133,6200
FAB-W3134,7100
FAB-W3135,9200
FAB-W3136,6100
FAB-W3137,7200
FAB-W3138,9100
FAB-W3139,6200
FAB-W3140,7100
FAB-W3141,9200
FAB-W3142,6100
FAB-W3143,7200
FAB-W3144,9100
FAB-W3145,6200
FAB-W3146,7100
FAB-W3147,9200
FAB-W3148,6100
FAB-W3149,7200
FAB-W3150,9100
FAB-W3151,6200
FAB-W3152,7100
FAB-W3153,9200
FAB-W3154,6100
FAB-W3155,7200
FAB-W3156,9100
FAB-W3157,6200
FAB-W3158,7100
FAB-W3159,9200
FAB-W3160,6100
FAB-W3161,7200
FAB-W3162,9100
FAB-W3163,6200
FAB-W3164,7100
FAB-W3165,9200
FAB-W3166,6100
FAB-W3167,7200
FAB-W3168,9100
FAB-W3169,6200
FAB-W3170,7100
FAB-W3171,9200
FAB-W3172,6100
FAB-W3173,7200
FAB-W3174,9100
FAB-W3175,6200
FAB-W3176,7100
FAB-W3177,9200
FAB-W3178,6100
FAB-W3179,7200
FAB-W3180,9100
FAB-W3181,6200
FAB-W3182,7100
FAB-W3183,9200
FAB-W3184,6100
FAB-W3185,7200
FAB-W3186,9100
FAB-W3187,6200
FAB-W3188,7100
FAB-W3189,9200
FAB-W3190,6100
FAB-W3191,7200
FAB-W3192,9100
FAB-W3193,6200
FAB-W3194,7100
FAB-W3195,9200
FAB-W3196,6100
FAB-W3197,7200
FAB-W3198,9100
FAB-W3199,6200
FAB-W3200,7100
FAB-W3201,9200
FAB-W3202,6100
FAB-W3203,7200
FAB-W3204,9100
FAB-W3205,6200
FAB-W3206,7100
FAB-W3207,9200
FAB-W3208,6100
FAB-W3209,7200
FAB-W3210,9100
FAB-W3211,6200
FAB-W3212,7100
FAB-W3213,9200
FAB-W3214,6100
FAB-W3215,7200
FAB-W3216,9100
FAB-W3217,6200
FAB-W3218,7100
FAB-W3219,9200
FAB-W3220,6100
FAB-W3221,7200
FAB-W3222,9100
FAB-W3223,6200
FAB-W3224,7100
FAB-W3225,9200
FAB-W3226,6100
FAB-W3227,7200
FAB-W3228,9100
FAB-W3229,6200
FAB-W3230,7100
FAB-W3231,9200
FAB-W3232,6100
FAB-W3233,7200
FAB-W3234,9100
FAB-W3235,6200
FAB-W3236,7100
FAB-W3237,9200
FAB-W3238,6100
FAB-W3239,7200
FAB-W3240,9100
FAB-W3241,6200
FAB-W3242,7100
FAB-W3243,9200
FAB-W3244,6100
FAB-W3245,7200
FAB-W3246,9100
FAB-W3247,6200
FAB-W3248,7100
FAB-W3249,9200
FAB-W3250,6100
FAB-W3251,7200
FAB-W3252,9100
FAB-W3253,6200
FAB-W3254,7100
FAB-W3255,9200
FAB-W3256,6100
FAB-W3257,7200
FAB-W3258,9100
FAB-W3259,6200
FAB-W3260,7100
FAB-W3261,9200
FAB-W3262,6100
FAB-W3263,7200
FAB-W3264,9100
FAB-W3265,6200
FAB-W3266,7100
FAB-W3267,9200
FAB-W3268,6100
FAB-W3269,7200
FAB-W3270,9100
FAB-W3271,6200
FAB-W3272,7100
FAB-W3273,9200
FAB-W3274,6100
FAB-W3275,7200
FAB-W3276,9100
FAB-W3277,6200
FAB-W3278,7100
FAB-W3279,9200
FAB-W3280,6100
FAB-W3281,7200
FAB-W3282,9100
FAB-W3283,6200
FAB-W3284,7100
FAB-W3285,9200
FAB-W3286,6100
FAB-W3287,7200
FAB-W3288,9100
FAB-W3289,6200
FAB-W3290,7100
FAB-W3291,9200
FAB-W3292,6100
FAB-W3293,7200
FAB-W3294,9100
FAB-W3295,6200
FAB-W3296,7100
FAB-W3297,9200
FAB-W3298,6100
FAB-W3299,7200
FAB-W3300,9100
FAB-W3301,6200
FAB-W3302,7100
FAB-W3303,9200
FAB-W3304,6100
FAB-W3305,7200
FAB-W3306,9100
FAB-W3307,6200
FAB-W3308,7100
FAB-W3309,9200
FAB-W3310,6100
FAB-W3311,7200
FAB-W3312,9100
FAB-W3313,6200
FAB-W3314,7100
FAB-W3315,9200
FAB-W3316,6100
FAB-W3317,7200
FAB-W3318,9100
FAB-W3319,6200
FAB-W3320,7100
FAB-W3321,9200
FAB-W3322,6100
FAB-W3323,7200
FAB-W3324,9100
FAB-W3325,6200
FAB-W3326,7100
FAB-W3327,9200
FAB-W3328,6100
FAB-W3329,7200
FAB-W3330,9100
FAB-W3331,6200
FAB-W3332,7100
FAB-W3333,9200
FAB-W3334,6100
FAB-W3335,7200
FAB-W3336,9100
FAB-W3337,6200
FAB-W3338,7100
FAB-W3339,9200
FAB-W3340,6100
FAB-W3341,7200
FAB-W3342,9100
FAB-W3343,6200
FAB-W3344,7100
FAB-W3345,9200
FAB-W3346,6100
FAB-W3347,7200
FAB-W3348,9100
FAB-W3349,6200
FAB-W3350,7100
FAB-W3351,9200
FAB-W3352,6100
FAB-W3353,7200
FAB-W3354,9100
FAB-W3355,6200
FAB-W3356,7100
FAB-W3357,9200
FAB-W3358,6100
FAB-W3359,7200
FAB-W3360,9100
FAB-W3361,6200
FAB-W3362,7100
FAB-W3363,9200
FAB-W3364,6100
FAB-W3365,7200
FAB-W3366,9100
FAB-W3367,6200
FAB-W3368,7100
FAB-W3369,9200
FAB-W3370,6100
FAB-W3371,7200
FAB-W3372,9100
FAB-W3373,6200
FAB-W3374,7100
FAB-W3375,9200
FAB-W3376,6100
FAB-W3377,7200
FAB-W3378,9100
FAB-W3379,6200
FAB-W3380,7100
FAB-W3381,9200
FAB-W3382,6100
FAB-W3383,7200
FAB-W3384,9100
FAB-W3385,6200
FAB-W3386,7100
FAB-W3387,9200
FAB-W3388,6100
FAB-W3389,7200
FAB-W3390,9100
FAB-W3391,6200
FAB-W3392,7100
FAB-W3393,9200
FAB-W3394,6100
FAB-W3395,7200
FAB-W3396,9100
FAB-W3397,6200
FAB-W3398,7100
FAB-W3399,9200
FAB-W3400,6100
FAB-W3401,7200
FAB-W3402,9100
FAB-W3403,6200
FAB-W3404,7100
FAB-W3405,9200
FAB-W3406,6100
FAB-W3407,7200
FAB-W3408,9100
FAB-W3409,6200
FAB-W3410,7100
FAB-W3411,9200
FAB-W3412,6100
FAB-W3413,7200
FAB-W3414,9100
FAB-W3415,6200
FAB-W3416,7100
FAB-W3417,9200
FAB-W3418,6100
FAB-W3419,7200
FAB-W3420,9100
FAB-W3421,6200
FAB-W3422,7100
FAB-W3423,9200
FAB-W3424,6100
FAB-W3425,7200
FAB-W3426,9100
FAB-W3427,6200
FAB-W3428,7100
FAB-W3429,9200
FAB-W3430,6100
FAB-W3431,7200
FAB-W3432,9100
FAB-W3433,6200
FAB-W3434,7100
FAB-W3435,9200
FAB-W3436,6100
FAB-W3437,7200
FAB-W3438,9100
FAB-W3439,6200
FAB-W3440,7100
FAB-W3441,9200
FAB-W3442,6100
FAB-W3443,7200
FAB-W3444,9100
FAB-W3445,6200
FAB-W3446,7100
FAB-W3447,9200
FAB-W3448,6100
FAB-W3449,7200
FAB-W3450,9100
FAB-W3451,6200
FAB-W3452,7100
FAB-W3453,9200
FAB-W3454,6100
FAB-W3455,7200
FAB-W3456,9100
FAB-W3457,6200
FAB-W3458,7100
FAB-W3459,9200
FAB-W3460,6100
FAB-W3461,7200
FAB-W3462,9100
FAB-W3463,6200
FAB-W3464,7100
FAB-W3465,9200
FAB-W3466,6100
FAB-W3467,7200
FAB-W3468,9100
FAB-W3469,6200
FAB-W3470,7100
FAB-W3471,9200
FAB-W3472,6100
FAB-W3473,7200
FAB-W3474,9100
FAB-W3475,6200
FAB-W3476,7100
FAB-W3477,9200
FAB-W3478,6100
FAB-W3479,7200
FAB-W3480,9100
FAB-W3481,6200
FAB-W3482,7100
FAB-W3483,9200
FAB-W3484,6100
FAB-W3485,7200
FAB-W3486,9100
FAB-W3487,6200
FAB-W3488,7100
FAB-W3489,9200
FAB-W3490,6100
FAB-W3491,7200
FAB-W3492,9100
FAB-W3493,6200
FAB-W3494,7100
FAB-W3495,9200
FAB-W3496,6100
FAB-W3497,7200
FAB-W3498,9100
FAB-W3499,6200
FAB-W3500,7100
FAB-W3501,9200
FAB-W3502,6100
FAB-W3503,7200
FAB-W3504,9100
FAB-W3505,6200
FAB-W3506,7100
FAB-W3507,9200
FAB-W3508,6100
FAB-W3509,7200
FAB-W3510,9100
FAB-W3511,6200
FAB-W3512,7100
FAB-W3513,9200
FAB-W3514,6100
FAB-W3515,7200
FAB-W3516,9100
FAB-W3517,6200
FAB-W3518,7100
FAB-W3519,9200
FAB-W3520,6100
FAB-W3521,7200
FAB-W3522,9100
FAB-W3523,6200
FAB-W3524,7100
FAB-W3525,9200
FAB-W3526,6100
FAB-W3527,7200
FAB-W3528,9100
FAB-W3529,6200
FAB-W3530,7100
FAB-W3531,9200
FAB-W3532,6100
FAB-W3533,7200
FAB-W3534,9100
FAB-W3535,6200
FAB-W3536,7100
FAB-W3537,9200
FAB-W3538,6100
FAB-W3539,7200
FAB-W3540,9100
FAB-W3541,6200
FAB-W3542,7100
FAB-W3543,9200
FAB-W3544,6100
FAB-W3545,7200
FAB-W3546,9100
FAB-W3547,6200
FAB-W3548,7100
FAB-W3549,9200
FAB-W3550,6100
FAB-W3551,7200
FAB-W3552,9100
FAB-W3553,6200
FAB-W3554,7100
FAB-W3555,9200
FAB-W3556,6100
FAB-W3557,7200
FAB-W3558,9100
FAB-W3559,6200
FAB-W3560,7100
FAB-W3561,9200
FAB-W3562,6100
FAB-W3563,7200
FAB-W3564,9100
FAB-W3565,6200
FAB-W3566,7100
FAB-W3567,9200
FAB-W3568,6100
FAB-W3569,7200
FAB-W3570,9100
FAB-W3571,6200
FAB-W3572,7100
FAB-W3573,9200
FAB-W3574,6100
FAB-W3575,7200
FAB-W3576,9100
FAB-W3577,6200
FAB-W3578,7100
FAB-W3579,9200
FAB-W3580,6100
FAB-W3581,7200
FAB-W3582,9100
FAB-W3583,6200
FAB-W3584,7100
FAB-W3585,9200
FAB-W3586,6100
FAB-W3587,7200
FAB-W3588,9100
FAB-W3589,6200
FAB-W3590,7100
FAB-W3591,9200
FAB-W3592,6100
FAB-W3593,7200
FAB-W3594,9100
FAB-W3595,6200
FAB-W3596,7100
FAB-W3597,9200
FAB-W3598,6100
FAB-W3599,7200
FAB-W3600,9100
FAB-W3601,6200
FAB-W3602,7100
FAB-W3603,9200
FAB-W3604,6100
FAB-W3605,7200
FAB-W3606,9100
FAB-W3607,6200
FAB-W3608,7100
FAB-W3609,9200
FAB-W3610,6100
FAB-W3611,7200
FAB-W3612,9100
FAB-W3613,6200
FAB-W3614,7100
FAB-W3615,9200
FAB-W3616,6100
FAB-W3617,7200
FAB-W3618,9100
FAB-W3619,6200
FAB-W3620,7100
FAB-W3621,9200
FAB-W3622,6100
FAB-W3623,7200
FAB-W3624,9100
FAB-W3625,6200
FAB-W3626,7100
FAB-W3627,9200
FAB-W3628,6100
FAB-W3629,7200
FAB-W3630,9100
FAB-W3631,6200
FAB-W3632,7100
FAB-W3633,9200
FAB-W3634,6100
FAB-W3635,7200
FAB-W3636,9100
FAB-W3637,6200
FAB-W3638,7100
FAB-W3639,9200
FAB-W3640,6100
FAB-W3641,7200
FAB-W3642,9100
FAB-W3643,6200
FAB-W3644,7100
FAB-W3645,9200
FAB-W3646,6100
FAB-W3647,7200
FAB-W3648,9100
FAB-W3649,6200
FAB-W3650,7100
FAB-W3651,9200
FAB-W3652,6100
FAB-W3653,7200
FAB-W3654,9100
FAB-W3655,6200
FAB-W3656,7100
FAB-W3657,9200
FAB-W3658,6100
FAB-W3659,7200
FAB-W3660,9100
FAB-W3661,6200
FAB-W3662,7100
FAB-W3663,9200
FAB-W3664,6100
FAB-W3665,7200
FAB-W3666,9100
FAB-W3667,6200
FAB-W3668,7100
FAB-W3669,9200
FAB-W3670,6100
FAB-W3671,7200
FAB-W3672,9100
FAB-W3673,6200
FAB-W3674,7100
FAB-W3675,9200
FAB-W3676,6100
FAB-W3677,7200
FAB-W3678,9100
FAB-W3679,6200
FAB-W3680,7100
FAB-W3681,9200
FAB-W3682,6100
FAB-W3683,7200
FAB-W3684,9100
FAB-W3685,6200
FAB-W3686,7100
FAB-W3687,9200
FAB-W3688,6100
FAB-W3689,7200
FAB-W3690,9100
FAB-W3691,6200
FAB-W3692,7100
FAB-W3693,9200
FAB-W3694,6100
FAB-W3695,7200
FAB-W3696,9100
FAB-W3697,6200
FAB-W3698,7100
FAB-W3699,9200
FAB-W3700,6100
FAB-W3701,7200
FAB-W3702,9100
FAB-W3703,6200
FAB-W3704,7100
FAB-W3705,9200
FAB-W3706,6100
FAB-W3707,7200
FAB-W3708,9100
FAB-W3709,6200
FAB-W3710,7100
FAB-W3711,9200
FAB-W3712,6100
FAB-W3713,7200
FAB-W3714,9100
FAB-W3715,6200
FAB-W3716,7100
FAB-W3717,9200
FAB-W3718,6100
FAB-W3719,7200
FAB-W3720,9100
FAB-W3721,6200
FAB-W3722,7100
FAB-W3723,9200
FAB-W3724,6100
FAB-W3725,7200
FAB-W3726,9100
FAB-W3727,6200
FAB-W3728,7100
FAB-W3729,9200
FAB-W3730,6100
FAB-W3731,7200
FAB-W3732,9100
FAB-W3733,6200
FAB-W3734,7100
FAB-W3735,9200
FAB-W3736,6100
FAB-W3737,7200
FAB-W3738,9100
FAB-W3739,6200
FAB-W3740,7100
FAB-W3741,9200
FAB-W3742,6100
FAB-W3743,7200
FAB-W3744,9100
FAB-W3745,6200
FAB-W3746,7100
FAB-W3747,9200
FAB-W3748,6100
FAB-W3749,7200
FAB-W3750,9100
FAB-W3751,6200
FAB-W3752,7100
FAB-W3753,9200
FAB-W3754,6100
FAB-W3755,7200
FAB-W3756,9100
FAB-W3757,6200
FAB-W3758,7100
FAB-W3759,9200
FAB-W3760,6100
FAB-W3761,7200
FAB-W3762,9100
FAB-W3763,6200
FAB-W3764,7100
FAB-W3765,9200
FAB-W3766,6100
FAB-W3767,7200
FAB-W3768,9100
FAB-W3769,6200
FAB-W3770,7100
FAB-W3771,9200
FAB-W3772,6100
FAB-W3773,7200
FAB-W3774,9100
FAB-W3775,6200
FAB-W3776,7100
FAB-W3777,9200
FAB-W3778,6100
FAB-W3779,7200
FAB-W3780,9100
FAB-W3781,6200
FAB-W3782,7100
FAB-W3783,9200
FAB-W3784,6100
FAB-W3785,7200
FAB-W3786,9100
FAB-W3787,6200
FAB-W3788,7100
FAB-W3789,9200
FAB-W3790,6100
FAB-W3791,7200
FAB-W3792,9100
FAB-W3793,6200
FAB-W3794,7100
FAB-W3795,9200
FAB-W3796,6100
FAB-W3797,7200
FAB-W3798,9100
FAB-W3799,6200
FAB-W3800,7100
FAB-W3801,9200
FAB-W3802,6100
FAB-W3803,7200
FAB-W3804,9100
FAB-W3805,6200
FAB-W3806,7100
FAB-W3807,9200
FAB-W3808,6100
FAB-W3809,7200
FAB-W3810,9100
FAB-W3811,6200
FAB-W3812,7100
FAB-W3813,9200
FAB-W3814,6100
FAB-W3815,7200
FAB-W3816,9100
FAB-W3817,6200
FAB-W3818,7100
FAB-W3819,9200
FAB-W3820,6100
FAB-W3821,7200
FAB-W3822,9100
FAB-W3823,6200
FAB-W3824,7100
FAB-W3825,9200
FAB-W3826,6100
FAB-W3827,7200
FAB-W3828,9100
FAB-W3829,6200
FAB-W3830,7100
FAB-W3831,9200
FAB-W3832,6100
FAB-W3833,7200
FAB-W3834,9100
FAB-W3835,6200
FAB-W3836,7100
FAB-W3837,9200
FAB-W3838,6100
FAB-W3839,7200
FAB-W3840,9100
FAB-W3841,6200
FAB-W3842,7100
FAB-W3843,9200
FAB-W3844,6100
FAB-W3845,7200
FAB-W3846,9100
FAB-W3847,6200
FAB-W3848,7100
FAB-W3849,9200
FAB-W3850,6100
FAB-W3851,7200
FAB-W3852,9100
FAB-W3853,6200
FAB-W3854,7100
FAB-W3855,9200
FAB-W3856,6100
FAB-W3857,7200
FAB-W3858,9100
FAB-W3859,6200
FAB-W3860,7100
FAB-W3861,9200
FAB-W3862,6100
FAB-W3863,7200
FAB-W3864,9100
FAB-W3865,6200
FAB-W3866,7100
FAB-W3867,9200
FAB-W3868,6100
FAB-W3869,7200
FAB-W3870,9100
FAB-W3871,6200
FAB-W3872,7100
FAB-W3873,9200
FAB-W3874,6100
FAB-W3875,7200
FAB-W3876,9100
FAB-W3877,6200
FAB-W3878,7100
FAB-W3879,9200
FAB-W3880,6100
FAB-W3881,7200
FAB-W3882,9100
FAB-W3883,6200
FAB-W3884,7100
FAB-W3885,9200
FAB-W3886,6100
FAB-W3887,7200
FAB-W3888,9100
FAB-W3889,6200
FAB-W3890,7100
FAB-W3891,9200
FAB-W3892,6100
FAB-W3893,7200
FAB-W3894,9100
FAB-W3895,6200
FAB-W3896,7100
FAB-W3897,9200
FAB-W3898,6100
FAB-W3899,7200
FAB-W3900,9100
FAB-W3901,6200
FAB-W3902,7100
FAB-W3903,9200
FAB-W3904,6100
FAB-W3905,7200
FAB-W3906,9100
FAB-W3907,6200
FAB-W3908,7100
FAB-W3909,9200
FAB-W3910,6100
FAB-W3911,7200
FAB-W3912,9100
FAB-W3913,6200
FAB-W3914,7100
FAB-W3915,9200
FAB-W3916,6100
FAB-W3917,7200
FAB-W3918,9100
FAB-W3919,6200
FAB-W3920,7100
FAB-W3921,9200
FAB-W3922,6100
FAB-W3923,7200
FAB-W3924,9100
FAB-W3925,6200
FAB-W3926,7100
FAB-W3927,9200
FAB-W3928,6100
FAB-W3929,7200
FAB-W3930,9100
FAB-W3931,6200
FAB-W3932,7100
FAB-W3933,9200
FAB-W3934,6100
FAB-W3935,7200
FAB-W3936,9100
FAB-W3937,6200
FAB-W3938,7100
FAB-W3939,9200
FAB-W3940,6100
FAB-W3941,7200
FAB-W3942,9100
FAB-W3943,6200
FAB-W3944,7100
FAB-W3945,9200
FAB-W3946,6100
FAB-W3947,7200
FAB-W3948,9100
FAB-W3949,6200
FAB-W3950,7100
FAB-W3951,9200
FAB-W3952,6100
FAB-W3953,7200
FAB-W3954,9100
FAB-W3955,6200
FAB-W3956,7100
FAB-W3957,9200
FAB-W3958,6100
FAB-W3959,7200
FAB-W3960,9100
FAB-W3961,6200
FAB-W3962,7100
FAB-W3963,9200
FAB-W3964,6100
FAB-W3965,7200
FAB-W3966,9100
FAB-W3967,6200
FAB-W3968,7100
FAB-W3969,9200
FAB-W3970,6100
FAB-W3971,7200
FAB-W3972,9100
FAB-W3973,6200
FAB-W3974,7100
FAB-W3975,9200
FAB-W3976,6100
FAB-W3977,7200
FAB-W3978,9100
FAB-W3979,6200
FAB-W3980,7100
FAB-W3981,9200
FAB-W3982,6100
FAB-W3983,7200
FAB-W3984,9100
FAB-W3985,6200
FAB-W3986,7100
FAB-W3987,9200
FAB-W3988,6100
FAB-W3989,7200
FAB-W3990,9100
FAB-W3991,6200
FAB-W3992,7100
FAB-W3993,9200
FAB-W3994,6100
FAB-W3995,7200
FAB-W3996,9100
FAB-W3997,6200
FAB-W3998,7100
FAB-W3999,9200
FAB-W4000,6100
FAB-W4001,7200
FAB-W4002,9100
FAB-W4003,6200
FAB-W4004,7100
FAB-W4005,9200
FAB-W4006,6100
FAB-W4007,7200
FAB-W4008,9100
FAB-W4009,6200
FAB-W4010,7100
FAB-W4011,9200
FAB-W4012,6100
FAB-W4013,7200
FAB-W4014,9100
FAB-W4015,6200
FAB-W4016,7100
FAB-W4017,9200
FAB-W4018,6100
FAB-W4019,7200
FAB-W4020,9100
FAB-W4021,6200
FAB-W4022,7100
FAB-W4023,9200
FAB-W4024,6100
FAB-W4025,7200
FAB-W4026,9100
FAB-W4027,6200
FAB-W4028,7100
FAB-W4029,9200
FAB-W4030,6100
FAB-W4031,7200
FAB-W4032,9100
FAB-W4033,6200
FAB-W4034,7100
FAB-W4035,9200
FAB-W4036,6100
FAB-W4037,7200
FAB-W4038,9100
FAB-W4039,6200
FAB-W4040,7100
FAB-W4041,9200
FAB-W4042,6100
FAB-W4043,7200
FAB-W4044,9100
FAB-W4045,6200
FAB-W4046,7100
FAB-W4047,9200
FAB-W4048,6100
FAB-W4049,7200
FAB-W4050,9100
FAB-W4051,6200
FAB-W4052,7100
FAB-W4053,9200
FAB-W4054,6100
FAB-W4055,7200
FAB-W4056,9100
FAB-W4057,6200
FAB-W4058,7100
FAB-W4059,9200
FAB-W4060,6100
FAB-W4061,7200
FAB-W4062,9100
FAB-W4063,6200
FAB-W4064,7100
FAB-W4065,9200
FAB-W4066,6100
FAB-W4067,7200
FAB-W4068,9100
FAB-W4069,6200
FAB-W4070,7100
FAB-W4071,9200
FAB-W4072,6100
FAB-W4073,7200
FAB-W4074,9100
FAB-W4075,6200
FAB-W4076,7100
FAB-W4077,9200
FAB-W4078,6100
FAB-W4079,7200
FAB-W4080,9100
FAB-W4081,6200
FAB-W4082,7100
FAB-W4083,9200
FAB-W4084,6100
FAB-W4085,7200
FAB-W4086,9100
FAB-W4087,6200
FAB-W4088,7100
FAB-W4089,9200
FAB-W4090,6100
FAB-W4091,7200
FAB-W4092,9100
FAB-W4093,6200
FAB-W4094,7100
FAB-W4095,9200
FAB-W4096,6100
FAB-W4097,7200
FAB-W4098,9100
FAB-W4099,6200
FAB-W4100,7100
FAB-W4101,9200
FAB-W4102,6100
FAB-W4103,7200
FAB-W4104,9100
FAB-W4105,6200
FAB-W4106,7100
FAB-W4107,9200
FAB-W4108,6100
FAB-W4109,7200
FAB-W4110,9100
FAB-W4111,6200
FAB-W4112,7100
FAB-W4113,9200
FAB-W4114,6100
FAB-W4115,7200
FAB-W4116,9100
FAB-W4117,6200
FAB-W4118,7100
FAB-W4119,9200
FAB-W4120,6100
FAB-W4121,7200
FAB-W4122,9100
FAB-W4123,6200
FAB-W4124,7100
FAB-W4125,9200
FAB-W4126,6100
FAB-W4127,7200
FAB-W4128,9100
FAB-W4129,6200
FAB-W4130,7100
FAB-W4131,9200
FAB-W4132,6100
FAB-W4133,7200
FAB-W4134,9100
FAB-W4135,6200
FAB-W4136,7100
FAB-W4137,9200
FAB-W4138,6100
FAB-W4139,7200
FAB-W4140,9100
FAB-W4141,6200
FAB-W4142,7100
FAB-W4143,9200
FAB-W4144,6100
FAB-W4145,7200
FAB-W4146,9100
FAB-W4147,6200
FAB-W4148,7100
FAB-W4149,9200
FAB-W4150,6100
FAB-W4151,7200
FAB-W4152,9100
FAB-W4153,6200
FAB-W4154,7100
FAB-W4155,9200
FAB-W4156,6100
FAB-W4157,7200
FAB-W4158,9100
FAB-W4159,6200
FAB-W4160,7100
FAB-W4161,9200
FAB-W4162,6100
FAB-W4163,7200
FAB-W4164,9100
FAB-W4165,6200
FAB-W4166,7100
FAB-W4167,9200
FAB-W4168,6100
FAB-W4169,7200
FAB-W4170,9100
FAB-W4171,6200
FAB-W4172,7100
FAB-W4173,9200
FAB-W4174,6100
FAB-W4175,7200
FAB-W4176,9100
FAB-W4177,6200
FAB-W4178,7100
FAB-W4179,9200
FAB-W4180,6100
FAB-W4181,7200
FAB-W4182,9100
FAB-W4183,6200
FAB-W4184,7100
FAB-W4185,9200
FAB-W4186,6100
FAB-W4187,7200
FAB-W4188,9100
FAB-W4189,6200
FAB-W4190,7100
FAB-W4191,9200
FAB-W4192,6100
FAB-W4193,7200
FAB-W4194,9100
FAB-W4195,6200
FAB-W4196,7100
FAB-W4197,9200
FAB-W4198,6100
FAB-W4199,7200
FAB-W4200,9100
FAB-W4201,6200
FAB-W4202,7100
FAB-W4203,9200
FAB-W4204,6100
FAB-W4205,7200
FAB-W4206,9100
FAB-W4207,6200
FAB-W4208,7100
FAB-W4209,9200
FAB-W4210,6100
FAB-W4211,7200
FAB-W4212,9100
FAB-W4213,6200
FAB-W4214,7100
FAB-W4215,9200
FAB-W4216,6100
FAB-W4217,7200
FAB-W4218,9100
FAB-W4219,6200
FAB-W4220,7100
FAB-W4221,9200
FAB-W4222,6100
FAB-W4223,7200
FAB-W4224,9100
FAB-W4225,6200
FAB-W4226,7100
FAB-W4227,9200
FAB-W4228,6100
FAB-W4229,7200
FAB-W4230,9100
FAB-W4231,6200
FAB-W4232,7100
FAB-W4233,9200
FAB-W4234,6100
FAB-W4235,7200
FAB-W4236,9100
FAB-W4237,6200
FAB-W4238,7100
FAB-W4239,9200
FAB-W4240,6100
FAB-W4241,7200
FAB-W4242,9100
FAB-W4243,6200
FAB-W4244,7100
FAB-W4245,9200
FAB-W4246,6100
FAB-W4247,7200
FAB-W4248,9100
FAB-W4249,6200
FAB-W4250,7100
FAB-W4251,9200
FAB-W4252,6100
FAB-W4253,7200
FAB-W4254,9100
FAB-W4255,6200
FAB-W4256,7100
FAB-W4257,9200
FAB-W4258,6100
FAB-W4259,7200
FAB-W4260,9100
FAB-W4261,6200
FAB-W4262,7100
FAB-W4263,9200
FAB-W4264,6100
FAB-W4265,7200
FAB-W4266,9100
FAB-W4267,6200
FAB-W4268,7100
FAB-W4269,9200
FAB-W4270,6100
FAB-W4271,7200
FAB-W4272,9100
FAB-W4273,6200
FAB-W4274,7100
FAB-W4275,9200
FAB-W4276,6100
FAB-W4277,7200
FAB-W4278,9100
FAB-W4279,6200
FAB-W4280,7100
FAB-W4281,9200
FAB-W4282,6100
FAB-W4283,7200
FAB-W4284,9100
FAB-W4285,6200
FAB-W4286,7100
FAB-W4287,9200
FAB-W4288,6100
FAB-W4289,7200
FAB-W4290,9100
FAB-W4291,6200
FAB-W4292,7100
FAB-W4293,9200
FAB-W4294,6100
FAB-W4295,7200
FAB-W4296,9100
FAB-W4297,6200
FAB-W4298,7100
FAB-W4299,9200
FAB-W4300,6100
FAB-W4301,7200
FAB-W4302,9100
FAB-W4303,6200
FAB-W4304,7100
FAB-W4305,9200
FAB-W4306,6100
FAB-W4307,7200
FAB-W4308,9100
FAB-W4309,6200
FAB-W4310,7100
FAB-W4311,9200
FAB-W4312,6100
FAB-W4313,7200
FAB-W4314,9100
FAB-W4315,6200
FAB-W4316,7100
FAB-W4317,9200
FAB-W4318,6100
FAB-W4319,7200
FAB-W4320,9100
FAB-W4321,6200
FAB-W4322,7100
FAB-W4323,9200
FAB-W4324,6100
FAB-W4325,7200
FAB-W4326,9100
FAB-W4327,6200
FAB-W4328,7100
FAB-W4329,9200
FAB-W4330,6100
FAB-W4331,7200
FAB-W4332,9100
FAB-W4333,6200
FAB-W4334,7100
FAB-W4335,9200
FAB-W4336,6100
FAB-W4337,7200
FAB-W4338,9100
FAB-W4339,6200
FAB-W4340,7100
FAB-W4341,9200
FAB-W4342,6100
FAB-W4343,7200
FAB-W4344,9100
FAB-W4345,6200
FAB-W4346,7100
FAB-W4347,9200
FAB-W4348,6100
FAB-W4349,7200
FAB-W4350,9100
FAB-W4351,6200
FAB-W4352,7100
FAB-W4353,9200
FAB-W4354,6100
FAB-W4355,7200
FAB-W4356,9100
FAB-W4357,6200
FAB-W4358,7100
FAB-W4359,9200
FAB-W4360,6100
FAB-W4361,7200
FAB-W4362,9100
FAB-W4363,6200
FAB-W4364,7100
FAB-W4365,9200
FAB-W4366,6100
FAB-W4367,7200
FAB-W4368,9100
FAB-W4369,6200
FAB-W4370,7100
FAB-W4371,9200
FAB-W4372,6100
FAB-W4373,7200
FAB-W4374,9100
FAB-W4375,6200
FAB-W4376,7100
FAB-W4377,9200
FAB-W4378,6100
FAB-W4379,7200
FAB-W4380,9100
FAB-W4381,6200
FAB-W4382,7100
FAB-W4383,9200
FAB-W4384,6100
FAB-W4385,7200
FAB-W4386,9100
FAB-W4387,6200
FAB-W4388,7100
FAB-W4389,9200
FAB-W4390,6100
FAB-W4391,7200
FAB-W4392,9100
FAB-W4393,6200
FAB-W4394,7100
FAB-W4395,9200
FAB-W4396,6100
FAB-W4397,7200
FAB-W4398,9100
FAB-W4399,6200
FAB-W4400,7100
FAB-W4401,9200
FAB-W4402,6100
FAB-W4403,7200
FAB-W4404,9100
FAB-W4405,6200
FAB-W4406,7100
FAB-W4407,9200
FAB-W4408,6100
FAB-W4409,7200
FAB-W4410,9100
FAB-W4411,6200
FAB-W4412,7100
FAB-W4413,9200
FAB-W4414,6100
FAB-W4415,7200
FAB-W4416,9100
FAB-W4417,6200
FAB-W4418,7100
FAB-W4419,9200
FAB-W4420,6100
FAB-W4421,7200
FAB-W4422,9100
FAB-W4423,6200
FAB-W4424,7100
FAB-W4425,9200
FAB-W4426,6100
FAB-W4427,7200
FAB-W4428,9100
FAB-W4429,6200
FAB-W4430,7100
FAB-W4431,9200
FAB-W4432,6100
FAB-W4433,7200
FAB-W4434,9100
FAB-W4435,6200
FAB-W4436,7100
FAB-W4437,9200
FAB-W4438,6100
FAB-W4439,7200
FAB-W4440,9100
FAB-W4441,6200
FAB-W4442,7100
FAB-W4443,9200
FAB-W4444,6100
FAB-W4445,7200
FAB-W4446,9100
FAB-W4447,6200
FAB-W4448,7100
FAB-W4449,9200
FAB-W4450,6100
FAB-W4451,7200
FAB-W4452,9100
FAB-W4453,6200
FAB-W4454,7100
FAB-W4455,9200
FAB-W4456,6100
FAB-W4457,7200
FAB-W4458,9100
FAB-W4459,6200
FAB-W4460,7100
FAB-W4461,9200
FAB-W4462,6100
FAB-W4463,7200
FAB-W4464,9100
FAB-W4465,6200
FAB-W4466,7100
FAB-W4467,9200
FAB-W4468,6100
FAB-W4469,7200
FAB-W4470,9100
FAB-W4471,6200
FAB-W4472,7100
FAB-W4473,9200
FAB-W4474,6100
FAB-W4475,7200
FAB-W4476,9100
FAB-W4477,6200
FAB-W4478,7100
FAB-W4479,9200
FAB-W4480,6100
FAB-W4481,7200
FAB-W4482,9100
FAB-W4483,6200
FAB-W4484,7100
FAB-W4485,9200
FAB-W4486,6100
FAB-W4487,7200
FAB-W4488,9100
FAB-W4489,6200
FAB-W4490,7100
FAB-W4491,9200
FAB-W4492,6100
FAB-W4493,7200
FAB-W4494,9100
FAB-W4495,6200
FAB-W4496,7100
FAB-W4497,9200
FAB-W4498,6100
FAB-W4499,7200
FAB-W4500,9100
FAB-W4501,6200
FAB-W4502,7100
FAB-W4503,9200
FAB-W4504,6100
FAB-W4505,7200
FAB-W4506,9100
FAB-W4507,6200
FAB-W4508,7100
FAB-W4509,9200
FAB-W4510,6100
FAB-W4511,7200
FAB-W4512,9100
FAB-W4513,6200
FAB-W4514,7100
FAB-W4515,9200
FAB-W4516,6100
FAB-W4517,7200
FAB-W4518,9100
FAB-W4519,6200
FAB-W4520,7100
FAB-W4521,9200
FAB-W4522,6100
FAB-W4523,7200
FAB-W4524,9100
FAB-W4525,6200
FAB-W4526,7100
FAB-W4527,9200
FAB-W4528,6100
FAB-W4529,7200
FAB-W4530,9100
FAB-W4531,6200
FAB-W4532,7100
FAB-W4533,9200
FAB-W4534,6100
FAB-W4535,7200
FAB-W4536,9100
FAB-W4537,6200
FAB-W4538,7100
FAB-W4539,9200
FAB-W4540,6100
FAB-W4541,7200
FAB-W4542,9100
FAB-W4543,6200
FAB-W4544,7100
FAB-W4545,9200
FAB-W4546,6100
FAB-W4547,7200
FAB-W4548,9100
FAB-W4549,6200
FAB-W4550,7100
FAB-W4551,9200
FAB-W4552,6100
FAB-W4553,7200
FAB-W4554,9100
FAB-W4555,6200
FAB-W4556,7100
FAB-W4557,9200
FAB-W4558,6100
FAB-W4559,7200
FAB-W4560,9100
FAB-W4561,6200
FAB-W4562,7100
FAB-W4563,9200
FAB-W4564,6100
FAB-W4565,7200
FAB-W4566,9100
FAB-W4567,6200
FAB-W4568,7100
FAB-W4569,9200
FAB-W4570,6100
FAB-W4571,7200
FAB-W4572,9100
FAB-W4573,6200
FAB-W4574,7100
FAB-W4575,9200
FAB-W4576,6100
FAB-W4577,7200
FAB-W4578,9100
FAB-W4579,6200
FAB-W4580,7100
FAB-W4581,9200
FAB-W4582,6100
FAB-W4583,7200
FAB-W4584,9100
FAB-W4585,6200
FAB-W4586,7100
FAB-W4587,9200
FAB-W4588,6100
FAB-W4589,7200
FAB-W4590,9100
FAB-W4591,6200
FAB-W4592,7100
FAB-W4593,9200
FAB-W4594,6100
FAB-W4595,7200
FAB-W4596,9100
FAB-W4597,6200
FAB-W4598,7100
FAB-W4599,9200
FAB-W4600,6100
FAB-W4601,7200
FAB-W4602,9100
FAB-W4603,6200
FAB-W4604,7100
FAB-W4605,9200
FAB-W4606,6100
FAB-W4607,7200
FAB-W4608,9100
FAB-W4609,6200
FAB-W4610,7100
FAB-W4611,9200
FAB-W4612,6100
FAB-W4613,7200
FAB-W4614,9100
FAB-W4615,6200
FAB-W4616,7100
FAB-W4617,9200
FAB-W4618,6100
FAB-W4619,7200
FAB-W4620,9100
FAB-W4621,6200
FAB-W4622,7100
FAB-W4623,9200
FAB-W4624,6100
FAB-W4625,7200
FAB-W4626,9100
FAB-W4627,6200
FAB-W4628,7100
FAB-W4629,9200
FAB-W4630,6100
FAB-W4631,7200
FAB-W4632,9100
FAB-W4633,6200
FAB-W4634,7100
FAB-W4635,9200
FAB-W4636,6100
FAB-W4637,7200
FAB-W4638,9100
FAB-W4639,6200
FAB-W4640,7100
FAB-W4641,9200
FAB-W4642,6100
FAB-W4643,7200
FAB-W4644,9100
FAB-W4645,6200
FAB-W4646,7100
FAB-W4647,9200
FAB-W4648,6100
FAB-W4649,7200
FAB-W4650,9100
FAB-W4651,6200
FAB-W4652,7100
FAB-W4653,9200
FAB-W4654,6100
FAB-W4655,7200
FAB-W4656,9100
FAB-W4657,6200
FAB-W4658,7100
FAB-W4659,9200
FAB-W4660,6100
FAB-W4661,7200
FAB-W4662,9100
FAB-W4663,6200
FAB-W4664,7100
FAB-W4665,9200
FAB-W4666,6100
FAB-W4667,7200
FAB-W4668,9100
FAB-W4669,6200
FAB-W4670,7100
FAB-W4671,9200
FAB-W4672,6100
FAB-W4673,7200
FAB-W4674,9100
FAB-W4675,6200
FAB-W4676,7100
FAB-W4677,9200
FAB-W4678,6100
FAB-W4679,7200
FAB-W4680,9100
FAB-W4681,6200
FAB-W4682,7100
FAB-W4683,9200
FAB-W4684,6100
FAB-W4685,7200
FAB-W4686,9100
FAB-W4687,6200
FAB-W4688,7100
FAB-W4689,9200
FAB-W4690,6100
FAB-W4691,7200
FAB-W4692,9100
FAB-W4693,6200
FAB-W4694,7100
FAB-W4695,9200
FAB-W4696,6100
FAB-W4697,7200
FAB-W4698,9100
FAB-W4699,6200
FAB-W4700,7100
FAB-W4701,9200
FAB-W4702,6100
FAB-W4703,7200
FAB-W4704,9100
FAB-W4705,6200
FAB-W4706,7100
FAB-W4707,9200
FAB-W4708,6100
FAB-W4709,7200
FAB-W4710,9100
FAB-W4711,6200
FAB-W4712,7100
FAB-W4713,9200
FAB-W4714,6100
FAB-W4715,7200
FAB-W4716,9100
FAB-W4717,6200
FAB-W4718,7100
FAB-W4719,9200
FAB-W4720,6100
FAB-W4721,7200
FAB-W4722,9100
FAB-W4723,6200
FAB-W4724,7100
FAB-W4725,9200
FAB-W4726,6100
FAB-W4727,7200
FAB-W4728,9100
FAB-W4729,6200
FAB-W4730,7100
FAB-W4731,9200
FAB-W4732,6100
FAB-W4733,7200
FAB-W4734,9100
FAB-W4735,6200
FAB-W4736,7100
FAB-W4737,9200
FAB-W4738,6100
FAB-W4739,7200
FAB-W4740,9100
FAB-W4741,6200
FAB-W4742,7100
FAB-W4743,9200
FAB-W4744,6100
FAB-W4745,7200
FAB-W4746,9100
FAB-W4747,6200
FAB-W4748,7100
FAB-W4749,9200
FAB-W4750,6100
FAB-W4751,7200
FAB-W4752,9100
FAB-W4753,6200
FAB-W4754,7100
FAB-W4755,9200
FAB-W4756,6100
FAB-W4757,7200
FAB-W4758,9100
FAB-W4759,6200
FAB-W4760,7100
FAB-W4761,9200
FAB-W4762,6100
FAB-W4763,7200
FAB-W4764,9100
FAB-W4765,6200
FAB-W4766,7100
FAB-W4767,9200
FAB-W4768,6100
FAB-W4769,7200
FAB-W4770,9100
FAB-W4771,6200
FAB-W4772,7100
FAB-W4773,9200
FAB-W4774,6100
FAB-W4775,7200
FAB-W4776,9100
FAB-W4777,6200
FAB-W4778,7100
FAB-W4779,9200
FAB-W4780,6100
FAB-W4781,7200
FAB-W4782,9100
FAB-W4783,6200
FAB-W4784,7100
FAB-W4785,9200
FAB-W4786,6100
FAB-W4787,7200
FAB-W4788,9100
FAB-W4789,6200
FAB-W4790,7100
FAB-W4791,9200
FAB-W4792,6100
FAB-W4793,7200
FAB-W4794,9100
FAB-W4795,6200
FAB-W4796,7100
FAB-W4797,9200
FAB-W4798,6100
FAB-W4799,7200
FAB-W4800,9100
FAB-W4801,6200
FAB-W4802,7100
FAB-W4803,9200
FAB-W4804,6100
FAB-W4805,7200
FAB-W4806,9100
FAB-W4807,6200
FAB-W4808,7100
FAB-W4809,9200
FAB-W4810,6100
FAB-W4811,7200
FAB-W4812,9100
FAB-W4813,6200
FAB-W4814,7100
FAB-W4815,9200
FAB-W4816,6100
FAB-W4817,7200
FAB-W4818,9100
FAB-W4819,6200
FAB-W4820,7100
FAB-W4821,9200
FAB-W4822,6100
FAB-W4823,7200
FAB-W4824,9100
FAB-W4825,6200
FAB-W4826,7100
FAB-W4827,9200
FAB-W4828,6100
FAB-W4829,7200
FAB-W4830,9100
FAB-W4831,6200
FAB-W4832,7100
FAB-W4833,9200
FAB-W4834,6100
FAB-W4835,7200
FAB-W4836,9100
FAB-W4837,6200
FAB-W4838,7100
FAB-W4839,9200
FAB-W4840,6100
FAB-W4841,7200
FAB-W4842,9100
FAB-W4843,6200
FAB-W4844,7100
FAB-W4845,9200
FAB-W4846,6100
FAB-W4847,7200
FAB-W4848,9100
FAB-W4849,6200
FAB-W4850,7100
FAB-W4851,9200
FAB-W4852,6100
FAB-W4853,7200
FAB-W4854,9100
FAB-W4855,6200
FAB-W4856,7100
FAB-W4857,9200
FAB-W4858,6100
FAB-W4859,7200
FAB-W4860,9100
FAB-W4861,6200
FAB-W4862,7100
FAB-W4863,9200
FAB-W4864,6100
FAB-W4865,7200
FAB-W4866,9100
FAB-W4867,6200
FAB-W4868,7100
FAB-W4869,9200
FAB-W4870,6100
FAB-W4871,7200
FAB-W4872,9100
FAB-W4873,6200
FAB-W4874,7100
FAB-W4875,9200
FAB-W4876,6100
FAB-W4877,7200
FAB-W4878,9100
FAB-W4879,6200
FAB-W4880,7100
FAB-W4881,9200
FAB-W4882,6100
FAB-W4883,7200
FAB-W4884,9100
FAB-W4885,6200
FAB-W4886,7100
FAB-W4887,9200
FAB-W4888,6100
FAB-W4889,7200
FAB-W4890,9100
FAB-W4891,6200
FAB-W4892,7100
FAB-W4893,9200
FAB-W4894,6100
FAB-W4895,7200
FAB-W4896,9100
FAB-W4897,6200
FAB-W4898,7100
FAB-W4899,9200
FAB-W4900,6100
FAB-W4901,7200
FAB-W4902,9100
FAB-W4903,6200
FAB-W4904,7100
FAB-W4905,9200
FAB-W4906,6100
FAB-W4907,7200
FAB-W4908,9100
FAB-W4909,6200
FAB-W4910,7100
FAB-W4911,9200
FAB-W4912,6100
FAB-W4913,7200
FAB-W4914,9100
FAB-W4915,6200
FAB-W4916,7100
FAB-W4917,9200
FAB-W4918,6100
FAB-W4919,7200
FAB-W4920,9100
FAB-W4921,6200
FAB-W4922,7100
FAB-W4923,9200
FAB-W4924,6100
FAB-W4925,7200
FAB-W4926,9100
FAB-W4927,6200
FAB-W4928,7100
FAB-W4929,9200
FAB-W4930,6100
FAB-W4931,7200
FAB-W4932,9100
FAB-W4933,6200
FAB-W4934,7100
FAB-W4935,9200
FAB-W4936,6100
FAB-W4937,7200
FAB-W4938,9100
FAB-W4939,6200
FAB-W4940,7100
FAB-W4941,9200
FAB-W4942,6100
FAB-W4943,7200
FAB-W4944,9100
FAB-W4945,6200
FAB-W4946,7100
FAB-W4947,9200
FAB-W4948,6100
FAB-W4949,7200
FAB-W4950,9100
FAB-W4951,6200
FAB-W4952,7100
FAB-W4953,9200
FAB-W4954,6100
FAB-W4955,7200
FAB-W4956,9100
FAB-W4957,6200
FAB-W4958,7100
FAB-W4959,9200
FAB-W4960,6100
FAB-W4961,7200
FAB-W4962,9100
FAB-W4963,6200
FAB-W4964,7100
FAB-W4965,9200
FAB-W4966,6100
FAB-W4967,7200
FAB-W4968,9100
FAB-W4969,6200
FAB-W4970,7100
FAB-W4971,9200
FAB-W4972,6100
FAB-W4973,7200
FAB-W4974,9100
FAB-W4975,6200
FAB-W4976,7100
FAB-W4977,9200
FAB-W4978,6100
FAB-W4979,7200
FAB-W4980,9100
FAB-W4981,6200
FAB-W4982,7100
FAB-W4983,9200
FAB-W4984,6100
FAB-W4985,7200
FAB-W4986,9100
FAB-W4987,6200
FAB-W4988,7100
FAB-W4989,9200
FAB-W4990,6100
FAB-W4991,7200
FAB-W4992,9100
FAB-W4993,6200
FAB-W4994,7100
FAB-W4995,9200
FAB-W4996,6100
FAB-W4997,7200
FAB-W4998,9100
FAB-W4999,6200
FAB-W5000,7100
FAB-W5001,9200
FAB-W5002,6100
FAB-W5003,7200
FAB-W5004,9100
FAB-W5005,6200
FAB-W5006,7100
FAB-W5007,9200
FAB-W5008,6100
FAB-W5009,7200
FAB-W5010,9100
FAB-W5011,6200
FAB-W5012,7100
FAB-W5013,9200
FAB-W5014,6100
FAB-W5015,7200
FAB-W5016,9100
FAB-W5017,6200
FAB-W5018,7100
FAB-W5019,9200
FAB-W5020,6100
FAB-W5021,7200
FAB-W5022,9100
FAB-W5023,6200
FAB-W5024,7100
FAB-W5025,9200
FAB-W5026,6100
FAB-W5027,7200
FAB-W5028,9100
FAB-W5029,6200
FAB-W5030,7100
FAB-W5031,9200
FAB-W5032,6100
FAB-W5033,7200
FAB-W5034,9100
FAB-W5035,6200
FAB-W5036,7100
FAB-W5037,9200
FAB-W5038,6100
FAB-W5039,7200
FAB-W5040,9100
FAB-W5041,6200
FAB-W5042,7100
FAB-W5043,9200
FAB-W5044,6100
FAB-W5045,7200
FAB-W5046,9100
FAB-W5047,6200
FAB-W5048,7100
FAB-W5049,9200
FAB-W5050,6100
FAB-W5051,7200
FAB-W5052,9100
FAB-W5053,6200
FAB-W5054,7100
FAB-W5055,9200
FAB-W5056,6100
FAB-W5057,7200
FAB-W5058,9100
FAB-W5059,6200
FAB-W5060,7100
FAB-W5061,9200
FAB-W5062,6100
FAB-W5063,7200
FAB-W5064,9100
FAB-W5065,6200
FAB-W5066,7100
FAB-W5067,9200
FAB-W5068,6100
FAB-W5069,7200
FAB-W5070,9100
FAB-W5071,6200
FAB-W5072,7100
FAB-W5073,9200
FAB-W5074,6100
FAB-W5075,7200
FAB-W5076,9100
FAB-W5077,6200
FAB-W5078,7100
FAB-W5079,9200
FAB-W5080,6100
FAB-W5081,7200
FAB-W5082,9100
FAB-W5083,6200
FAB-W5084,7100
FAB-W5085,9200
FAB-W5086,6100
FAB-W5087,7200
FAB-W5088,9100
FAB-W5089,6200
FAB-W5090,7100
FAB-W5091,9200
FAB-W5092,6100
FAB-W5093,7200
FAB-W5094,9100
FAB-W5095,6200
FAB-W5096,7100
FAB-W5097,9200
FAB-W5098,6100
FAB-W5099,7200
FAB-W5100,9100
FAB-W5101,6200
FAB-W5102,7100
FAB-W5103,9200
FAB-W5104,6100
FAB-W5105,7200
FAB-W5106,9100
FAB-W5107,6200
FAB-W5108,7100
FAB-W5109,9200
FAB-W5110,6100
FAB-W5111,7200
FAB-W5112,9100
FAB-W5113,6200
FAB-W5114,7100
FAB-W5115,9200
FAB-W5116,6100
FAB-W5117,7200
FAB-W5118,9100
FAB-W5119,6200
FAB-W5120,7100
FAB-W5121,9200
FAB-W5122,6100
FAB-W5123,7200
FAB-W5124,9100
FAB-W5125,6200
FAB-W5126,7100
FAB-W5127,9200
FAB-W5128,6100
FAB-W5129,7200
FAB-W5130,9100
FAB-W5131,6200
FAB-W5132,7100
FAB-W5133,9200
FAB-W5134,6100
FAB-W5135,7200
FAB-W5136,9100
FAB-W5137,6200
FAB-W5138,7100
FAB-W5139,9200
FAB-W5140,6100
FAB-W5141,7200
FAB-W5142,9100
FAB-W5143,6200
FAB-W5144,7100
FAB-W5145,9200
FAB-W5146,6100
FAB-W5147,7200
FAB-W5148,9100
FAB-W5149,6200
FAB-W5150,7100
FAB-W5151,9200
FAB-W5152,6100
FAB-W5153,7200
FAB-W5154,9100
FAB-W5155,6200
FAB-W5156,7100
FAB-W5157,9200
FAB-W5158,6100
FAB-W5159,7200
FAB-W5160,9100
FAB-W5161,6200
FAB-W5162,7100
FAB-W5163,9200
FAB-W5164,6100
FAB-W5165,7200
FAB-W5166,9100
FAB-W5167,6200
FAB-W5168,7100
FAB-W5169,9200
FAB-W5170,6100
FAB-W5171,7200
FAB-W5172,9100
FAB-W5173,6200
FAB-W5174,7100
FAB-W5175,9200
FAB-W5176,6100
FAB-W5177,7200
FAB-W5178,9100
FAB-W5179,6200
FAB-W5180,7100
FAB-W5181,9200
FAB-W5182,6100
FAB-W5183,7200
FAB-W5184,9100
FAB-W5185,6200
FAB-W5186,7100
FAB-W5187,9200
FAB-W5188,6100
FAB-W5189,7200
FAB-W5190,9100
FAB-W5191,6200
FAB-W5192,7100
FAB-W5193,9200
FAB-W5194,6100
FAB-W5195,7200
FAB-W5196,9100
FAB-W5197,6200
FAB-W5198,7100
FAB-W5199,9200
FAB-W5200,6100
FAB-W5201,7200
FAB-W5202,9100
FAB-W5203,6200
FAB-W5204,7100
FAB-W5205,9200
FAB-W5206,6100
